,Season Year,Team,Player,Shot Close,Shot Mid,Shot 3pt,Shot IQ,Free Throw,Offensive Consistency,Driving Layup,Standing Dunk,Driving Dunk,Draw Foul,Post Moves,Post Hook,Post Fade,Hands,Speed With Ball,Ball Handle,Passing Accuracy,Passing Vision,Passing IQ,Speed,Acceleration,Vertical,Strength,Stamina,Hustle,Interior Defense,Perimeter Defense,Help Defense IQ,Lateral Quickness,Pass Perception,Steal,Block,Defensive Consistency,Offensive Rebound,Defensive Rebound,Intangibles,Potential
0,2023,Atlanta Hawks,Trae Young,86,89,83,99,89,89,89,25,25,88,29,25,55,99,79,89,89,89,89,79,79,73,45,87,70,26,60,60,65,65,46,25,55,30,43,99,94
1,2023,Atlanta Hawks,Dejounte Murray,83,83,70,99,65,89,89,35,75,84,44,35,43,99,83,86,86,86,86,83,83,80,35,85,89,48,81,80,82,84,81,40,85,37,75,99,87
2,2023,Atlanta Hawks,Clint Capela,74,55,25,99,46,70,74,87,75,69,64,66,43,99,25,43,29,27,30,53,52,75,80,87,89,81,48,81,55,69,36,75,80,86,88,99,86
3,2023,Atlanta Hawks,John Collins,84,75,75,99,73,87,77,87,88,67,78,72,70,99,45,55,32,32,61,66,60,80,70,87,88,69,44,69,52,33,32,65,55,51,75,99,85
4,2023,Atlanta Hawks,Bogdan Bogdanovic,84,86,75,99,84,85,74,45,60,64,52,57,52,99,68,74,69,56,74,70,70,73,58,84,62,46,58,55,70,55,48,37,45,28,53,99,81
5,2023,Atlanta Hawks,De'Andre Hunter,70,70,73,99,83,70,69,60,65,60,46,46,47,99,64,65,62,26,59,71,73,70,60,85,75,58,76,73,78,55,33,46,70,29,46,99,80
6,2023,Atlanta Hawks,Onyeka Okongwu,77,35,35,99,67,55,74,80,70,47,52,49,50,99,55,49,46,29,45,69,69,70,65,83,80,74,59,78,64,60,38,81,60,79,66,99,82
7,2023,Atlanta Hawks,Frank Kaminsky III,76,63,73,99,78,60,73,45,60,63,73,74,74,99,33,49,35,35,45,42,48,62,61,84,80,45,35,58,37,45,58,68,35,53,63,99,77
8,2023,Atlanta Hawks,Aaron Holiday,86,73,76,99,74,70,71,25,55,42,27,25,40,99,71,81,77,65,77,71,72,51,44,80,80,29,63,62,70,64,54,37,40,32,45,99,76
9,2023,Atlanta Hawks,AJ Griffin,59,57,72,99,74,55,69,55,80,37,47,46,47,99,74,66,64,38,64,79,79,82,59,85,80,64,65,64,72,55,50,51,45,45,46,99,93
10,2023,Atlanta Hawks,Jalen Johnson,61,69,64,99,58,50,76,65,60,48,64,61,69,99,69,53,63,25,64,71,71,77,63,80,75,61,61,55,68,52,35,50,35,29,75,99,81
11,2023,Atlanta Hawks,Maurice Harkless,76,57,68,99,66,55,73,50,77,45,35,35,37,99,56,58,60,25,43,67,71,77,55,80,74,55,71,73,71,59,41,58,65,27,52,99,73
12,2023,Atlanta Hawks,Justin Holiday,69,74,75,99,77,70,68,55,68,45,38,35,37,99,45,67,60,31,64,48,66,77,40,80,75,55,70,69,70,73,36,48,60,27,42,99,74
13,2023,Atlanta Hawks,Trent Forrest,84,67,57,99,80,55,74,35,55,67,57,54,57,99,73,71,65,62,63,77,77,70,54,75,75,53,55,55,65,50,51,37,35,36,46,99,71
14,2023,Atlanta Hawks,Chaundee Brown,65,69,75,99,65,45,63,25,45,40,43,28,38,99,61,69,55,25,59,67,67,67,47,79,70,40,61,57,64,58,31,25,35,25,60,99,71
15,2023,Boston Celtics,Jayson Tatum,89,84,81,99,80,89,88,45,83,89,75,70,76,99,74,84,76,69,85,77,77,83,63,87,85,72,84,84,82,85,57,51,85,37,71,99,96
16,2023,Boston Celtics,Jaylen Brown,85,83,79,99,81,89,85,35,85,89,75,62,62,99,73,78,75,66,85,77,77,87,64,87,89,65,82,83,84,79,56,42,80,37,67,99,90
17,2023,Boston Celtics,Al Horford,84,88,72,99,81,50,60,70,60,45,78,71,79,99,28,45,74,58,79,48,43,64,86,87,80,77,63,80,62,73,35,76,80,50,76,99,80
18,2023,Boston Celtics,Robert Williams III,87,64,25,99,62,80,77,85,70,49,60,55,45,99,33,43,52,34,57,66,57,70,78,75,85,84,35,83,59,83,38,87,85,85,72,99,82
19,2023,Boston Celtics,Marcus Smart,81,71,74,99,71,65,74,25,50,30,73,25,53,99,69,69,62,72,55,70,77,78,68,84,85,69,88,85,87,87,75,37,87,30,46,99,79
20,2023,Boston Celtics,Malcolm Brogdon,84,74,74,99,82,80,82,35,65,87,35,39,40,99,72,81,84,68,87,72,72,67,51,88,87,60,72,72,75,69,35,45,60,35,57,99,83
21,2023,Boston Celtics,Derrick White,84,69,69,99,79,87,69,35,50,78,30,30,46,99,83,81,83,66,77,85,85,70,41,80,73,33,77,71,77,64,37,57,60,29,46,99,79
22,2023,Boston Celtics,Danilo Gallinari,76,73,77,99,88,50,71,40,70,30,69,61,67,99,55,71,61,31,55,55,55,61,61,80,75,64,51,65,63,57,30,35,60,31,64,99,79
23,2023,Boston Celtics,Grant Williams,78,59,80,99,82,65,72,45,55,50,61,54,53,99,49,61,64,31,67,53,55,61,68,83,80,63,53,64,65,55,32,62,60,38,49,99,75
24,2023,Boston Celtics,Payton Pritchard,79,79,80,99,86,75,72,25,30,35,30,35,41,99,70,74,74,65,77,70,70,61,36,79,73,31,55,55,69,40,35,32,30,37,47,99,79
25,2023,Boston Celtics,Luke Kornet,68,51,65,99,78,30,55,60,55,63,44,44,43,99,28,38,45,42,55,33,32,57,61,80,80,69,27,71,29,49,37,61,65,70,61,99,73
26,2023,Boston Celtics,Mfiondu Kabengele,65,69,53,99,71,25,63,75,75,35,55,49,45,99,50,49,29,31,43,67,65,67,70,80,75,60,53,67,52,39,37,75,45,43,60,99,72
27,2023,Boston Celtics,JD Davison,60,62,63,99,68,25,67,25,80,35,33,25,26,99,79,78,67,67,70,80,80,79,49,83,40,25,51,50,72,49,64,56,40,31,50,99,76
28,2023,Boston Celtics,Sam Hauser,65,72,77,99,84,45,55,35,55,30,40,39,40,99,50,38,45,32,55,56,56,57,61,80,80,43,50,47,57,39,25,46,40,37,61,99,73
29,2023,Brooklyn Nets,Kevin Durant,89,89,83,99,83,89,87,60,80,89,81,80,81,99,75,87,73,69,83,75,75,77,58,89,80,70,80,80,80,70,38,62,80,45,75,99,98
30,2023,Brooklyn Nets,Kyrie Irving,89,86,80,99,88,89,87,25,25,75,59,30,65,99,80,89,83,67,84,80,80,76,32,89,82,27,68,70,71,81,48,48,55,28,47,99,92
31,2023,Brooklyn Nets,Ben Simmons,70,41,53,99,56,80,78,50,70,75,61,61,60,99,79,81,74,71,84,87,87,80,75,89,89,74,70,64,70,67,78,55,70,67,67,99,87
32,2023,Brooklyn Nets,T.J. Warren,82,70,67,99,76,70,87,45,75,70,57,57,63,99,55,73,60,27,60,56,56,58,70,86,65,49,57,60,63,57,30,25,45,29,47,99,83
33,2023,Brooklyn Nets,Seth Curry,86,82,81,99,83,89,82,25,31,55,25,25,30,99,75,73,70,58,70,77,77,63,36,84,75,25,52,49,63,50,35,35,30,25,42,99,78
34,2023,Brooklyn Nets,Nicolas Claxton,72,59,62,99,45,70,70,75,70,61,67,67,59,99,39,44,35,27,43,58,57,74,66,85,84,69,59,67,59,39,35,78,50,67,67,99,79
35,2023,Brooklyn Nets,Joe Harris,69,75,85,99,72,65,61,25,40,50,27,25,43,99,62,68,67,25,69,64,64,62,35,85,80,29,61,53,64,58,30,30,50,26,52,99,79
36,2023,Brooklyn Nets,Royce O'Neale,75,62,71,99,75,50,69,50,65,54,54,49,47,99,57,63,55,36,58,57,57,60,62,75,75,63,78,79,78,63,48,46,75,35,54,99,76
37,2023,Brooklyn Nets,Cameron Thomas,70,82,62,99,75,70,70,45,70,50,45,53,65,99,65,73,54,34,47,72,72,74,49,81,60,36,54,54,70,53,37,35,35,27,53,99,81
38,2023,Brooklyn Nets,Edmond Sumner,70,67,76,99,76,70,69,45,75,62,40,32,39,99,76,65,65,29,64,77,77,88,35,81,75,39,57,55,70,55,48,42,30,31,43,99,75
39,2023,Brooklyn Nets,Day'Ron Sharpe,60,30,25,99,45,30,68,70,65,39,43,43,30,99,33,53,57,27,61,56,56,68,74,75,85,64,55,64,55,50,35,68,55,83,74,99,79
40,2023,Brooklyn Nets,Patrick Mills,49,69,79,99,85,75,74,25,25,45,25,25,32,99,78,81,74,36,79,78,78,61,46,77,65,25,60,56,67,56,33,35,35,25,35,99,77
41,2023,Brooklyn Nets,Kessler Edwards,49,57,70,99,70,40,55,55,60,40,45,45,45,99,54,59,45,25,59,67,67,65,72,75,70,54,58,62,65,61,37,57,40,45,55,99,77
42,2023,Brooklyn Nets,David Duke Jr.,63,68,64,99,74,70,65,35,55,65,34,25,35,99,73,68,57,27,55,78,78,67,50,75,40,35,55,50,65,32,54,52,30,64,48,99,76
43,2023,Charlotte Hornets,LaMelo Ball,81,74,77,99,81,89,84,40,75,79,47,47,53,99,79,86,89,89,89,79,79,79,45,88,84,40,74,74,78,84,68,46,70,43,63,99,94
44,2023,Charlotte Hornets,Gordon Hayward,68,87,78,99,80,70,75,35,70,65,53,35,60,99,72,72,69,57,74,75,72,70,58,83,81,51,68,68,71,53,37,47,60,32,52,99,85
45,2023,Charlotte Hornets,Terry Rozier III,80,83,76,99,79,85,82,35,65,73,43,40,48,99,77,83,79,70,80,77,77,76,57,87,82,50,70,54,72,60,48,45,45,31,48,99,82
46,2023,Charlotte Hornets,Kelly Oubre Jr.,78,71,73,99,58,85,81,35,79,69,28,30,37,99,64,73,65,27,75,67,77,87,53,85,70,44,69,65,71,70,48,50,50,40,50,99,78
47,2023,Charlotte Hornets,P.J. Washington,81,61,75,99,66,80,69,60,75,55,70,70,70,99,58,65,50,37,55,70,70,64,63,80,75,57,47,59,62,57,38,67,35,43,60,99,82
48,2023,Charlotte Hornets,Mason Plumlee,70,37,35,99,30,35,74,75,75,74,60,60,60,99,45,32,70,58,67,52,36,70,68,73,87,69,41,72,43,63,41,62,70,66,78,99,79
49,2023,Charlotte Hornets,Cody Martin,67,55,77,99,68,65,80,25,70,74,50,54,54,99,52,68,69,42,73,53,53,70,53,85,85,43,64,64,67,64,65,51,55,42,49,99,76
50,2023,Charlotte Hornets,Jalen McDaniels,65,65,74,99,59,65,75,55,60,47,54,57,63,99,64,57,50,31,54,68,68,68,55,75,75,54,50,50,55,45,37,57,30,41,61,99,75
51,2023,Charlotte Hornets,Mark Williams,67,48,31,99,68,40,70,80,70,68,55,55,55,99,27,30,39,29,47,60,59,70,68,80,83,65,39,67,44,55,35,67,55,53,65,99,72
52,2023,Charlotte Hornets,Kai Jones,63,64,64,99,64,55,59,75,75,37,35,36,35,99,52,30,33,25,43,61,61,64,60,79,70,73,42,79,60,62,37,72,60,70,65,99,80
53,2023,Charlotte Hornets,Nick Richards,76,64,25,99,68,65,57,75,75,35,35,39,42,99,44,30,32,25,31,67,65,70,60,76,80,68,42,70,47,35,35,81,45,64,59,99,75
54,2023,Charlotte Hornets,J.T. Thor,66,65,60,99,69,35,65,50,65,36,63,62,61,99,64,55,60,32,61,79,79,77,45,80,75,60,58,57,59,57,38,73,45,42,53,99,77
55,2023,Charlotte Hornets,James Bouknight,48,67,73,99,76,60,70,30,80,55,33,25,32,99,79,75,64,39,63,82,82,85,49,82,70,39,64,63,75,64,33,27,35,57,46,99,82
56,2023,Chicago Bulls,DeMar DeRozan,89,86,74,99,86,89,88,55,84,87,82,72,79,99,75,79,73,69,74,77,77,85,68,89,89,55,72,72,71,77,45,45,75,41,65,99,90
57,2023,Chicago Bulls,Zach LaVine,87,83,79,99,83,89,87,55,89,89,64,64,64,99,79,83,79,78,83,82,82,89,49,89,89,63,69,68,73,69,68,58,69,49,55,99,89
58,2023,Chicago Bulls,Nikola Vucevic,87,74,69,99,59,89,65,80,60,59,83,86,86,99,27,30,77,55,77,57,41,40,84,87,87,69,36,68,44,52,37,60,50,52,87,99,85
59,2023,Chicago Bulls,Lonzo Ball,50,60,81,99,74,80,74,25,70,54,35,30,39,99,80,81,83,65,84,80,80,75,47,88,65,55,81,80,81,85,75,57,80,36,57,99,86
60,2023,Chicago Bulls,Andre Drummond,79,42,42,99,51,25,68,87,80,35,60,65,40,99,44,40,47,48,65,55,53,74,87,84,70,67,47,59,47,55,78,76,50,81,81,99,81
61,2023,Chicago Bulls,Alex Caruso,68,62,71,99,81,55,73,30,70,55,25,25,38,99,77,73,73,62,75,77,77,67,26,80,80,26,84,83,82,84,88,46,85,36,47,99,79
62,2023,Chicago Bulls,Coby White,68,72,77,99,80,70,74,25,60,62,44,29,40,99,79,81,72,55,72,80,80,76,51,85,80,44,59,61,72,59,30,35,40,25,47,99,80
63,2023,Chicago Bulls,Javonte Green,68,65,74,99,70,70,74,25,80,55,47,47,47,99,64,67,55,25,63,67,69,80,41,75,70,57,63,60,64,75,61,52,60,53,55,99,77
64,2023,Chicago Bulls,Ayo Dosunmu,75,82,76,99,73,75,74,25,70,64,37,30,45,99,68,74,67,58,74,71,71,70,47,80,70,33,64,63,73,64,37,46,60,27,44,99,77
65,2023,Chicago Bulls,Patrick Williams,74,80,76,99,68,40,63,55,60,35,35,39,37,99,59,65,55,25,57,65,65,72,59,83,70,65,71,75,69,60,32,52,60,42,55,99,83
66,2023,Chicago Bulls,Goran Dragic,81,72,66,99,78,55,70,25,40,74,34,25,55,99,71,81,75,66,75,71,71,67,39,87,80,27,68,69,68,65,51,37,65,34,48,99,78
67,2023,Chicago Bulls,Tony Bradley,83,61,25,99,62,45,69,70,55,60,74,67,57,99,28,39,39,27,53,46,37,46,77,75,75,67,30,65,49,53,31,70,50,71,70,99,75
68,2023,Chicago Bulls,Derrick Jones Jr.,65,63,71,99,78,55,74,80,86,61,47,45,47,99,56,63,60,25,49,72,71,88,54,78,85,55,54,55,66,63,37,67,25,57,55,99,75
69,2023,Chicago Bulls,Marko Simonovic,73,65,69,99,73,50,65,65,60,58,62,60,62,99,33,44,52,32,53,41,41,54,50,73,75,50,40,50,32,60,30,59,30,64,64,99,74
70,2023,Chicago Bulls,Dalen Terry,72,67,68,99,69,40,72,25,75,40,37,35,41,99,69,75,67,59,69,71,71,64,53,80,80,38,64,64,70,65,67,46,60,47,54,99,76
71,2023,Cleveland Cavaliers,Darius Garland,87,88,82,99,84,89,88,25,60,74,37,27,32,99,85,84,87,86,87,85,85,79,35,87,87,26,64,64,73,61,48,27,45,29,40,99,88
72,2023,Cleveland Cavaliers,Jarrett Allen,86,71,61,99,67,87,74,80,75,81,77,77,58,99,30,30,25,30,43,70,67,74,79,87,75,77,36,78,48,62,35,71,75,75,80,99,86
73,2023,Cleveland Cavaliers,Evan Mobley,79,70,65,99,72,75,77,80,75,65,65,71,57,99,61,55,64,38,79,67,67,76,63,86,85,77,65,77,64,70,35,77,75,68,75,99,93
74,2023,Cleveland Cavaliers,Kevin Love,73,70,78,99,86,80,67,70,45,74,78,72,80,99,28,47,60,55,72,61,33,65,72,83,88,64,45,70,49,52,30,45,45,49,86,99,82
75,2023,Cleveland Cavaliers,Lauri Markkanen,77,79,74,99,81,75,63,65,65,77,69,68,69,99,37,60,50,27,65,58,55,57,56,80,53,61,44,61,50,49,35,48,40,37,62,99,81
76,2023,Cleveland Cavaliers,Caris LeVert,82,74,70,99,75,65,84,55,70,74,44,47,49,99,67,81,70,66,79,70,72,75,49,87,75,40,69,65,72,63,37,46,55,33,46,99,83
77,2023,Cleveland Cavaliers,Collin Sexton,77,76,74,99,69,89,80,25,70,80,25,25,33,99,83,83,73,43,76,83,83,79,53,87,85,40,62,67,71,69,41,25,55,42,39,99,84
78,2023,Cleveland Cavaliers,Ricky Rubio,70,55,72,99,79,80,74,25,25,67,25,25,35,99,70,81,79,74,83,70,70,55,25,83,68,27,73,71,74,65,71,35,55,28,56,99,79
79,2023,Cleveland Cavaliers,Robin Lopez,86,68,71,99,55,35,73,70,55,45,87,88,50,99,25,30,25,52,64,25,25,52,70,80,87,65,50,75,25,59,25,62,65,73,45,99,77
80,2023,Cleveland Cavaliers,Cedi Osman,78,69,74,99,68,70,71,41,56,54,46,33,53,99,64,70,70,50,65,66,65,65,54,80,75,60,71,65,71,60,48,35,60,29,42,99,76
81,2023,Cleveland Cavaliers,Lamar Stevens,63,81,66,99,67,60,63,60,75,40,59,56,53,99,64,62,57,27,50,74,74,86,55,75,85,55,64,61,66,60,38,51,50,46,51,99,75
82,2023,Cleveland Cavaliers,Raul Neto,83,83,66,99,69,70,73,25,25,59,30,38,35,99,65,74,74,66,74,66,70,63,46,77,80,35,68,61,70,75,54,25,65,25,43,99,75
83,2023,Cleveland Cavaliers,Isaac Okoro,51,55,73,99,71,70,75,40,70,64,45,42,44,99,68,67,64,31,64,72,72,75,62,84,75,55,75,73,78,72,37,45,75,40,37,99,83
84,2023,Cleveland Cavaliers,Dean Wade,75,63,74,99,73,60,55,75,70,55,59,55,55,99,38,55,33,28,50,57,57,78,55,75,80,45,39,65,53,63,38,35,40,37,53,99,74
85,2023,Cleveland Cavaliers,Ochai Agbaji,64,67,74,99,67,55,68,60,75,53,47,47,47,99,73,70,57,39,57,83,83,80,59,85,85,52,66,65,72,65,47,42,50,32,47,99,73
86,2023,Dallas Mavericks,Luka Doncic,89,84,82,99,80,89,89,50,70,89,81,81,81,99,78,89,89,89,89,79,79,75,69,89,89,66,69,68,70,69,65,62,75,72,86,99,99
87,2023,Dallas Mavericks,Christian Wood,84,49,78,99,53,89,82,85,80,80,79,79,79,99,39,55,25,41,35,51,54,61,74,88,89,69,46,69,51,62,35,67,45,58,87,99,84
88,2023,Dallas Mavericks,Spencer Dinwiddie,77,72,74,99,79,89,79,30,40,75,53,53,53,99,77,83,83,67,85,77,77,70,40,87,51,37,69,63,72,54,33,35,65,32,53,99,83
89,2023,Dallas Mavericks,Dwight Powell,70,50,53,99,65,80,65,70,60,78,74,72,74,99,39,55,50,30,59,66,43,62,75,85,87,69,40,63,53,69,32,55,60,68,57,99,79
90,2023,Dallas Mavericks,Tim Hardaway Jr.,74,78,72,99,68,75,69,30,73,77,33,31,48,99,63,73,70,38,79,63,67,73,50,80,78,40,65,58,70,53,38,30,35,26,52,99,79
91,2023,Dallas Mavericks,Reggie Bullock,82,86,75,99,84,65,66,35,45,45,37,25,46,99,51,66,70,26,67,58,62,67,45,75,65,45,51,58,60,45,33,37,55,29,50,99,75
92,2023,Dallas Mavericks,Dorian Finney-Smith,69,66,78,99,57,85,72,35,79,43,35,42,35,99,39,55,60,30,56,62,62,78,57,75,75,67,74,69,74,69,44,47,65,45,46,99,78
93,2023,Dallas Mavericks,JaVale McGee,78,49,30,99,47,45,49,75,70,40,44,53,37,99,25,30,25,25,43,60,42,64,70,67,70,74,42,79,48,62,31,83,60,86,86,99,79
94,2023,Dallas Mavericks,Maxi Kleber,47,65,70,99,69,30,68,70,70,35,59,62,62,99,40,59,65,27,63,40,33,51,74,80,80,69,67,70,67,63,32,70,65,47,75,99,76
95,2023,Dallas Mavericks,Josh Green,55,59,70,99,72,40,75,25,75,64,25,30,29,99,67,65,65,37,65,81,81,75,55,84,85,30,70,74,76,58,61,46,55,47,49,99,79
96,2023,Dallas Mavericks,Davis Bertans,65,65,71,99,83,55,64,60,60,55,47,38,61,99,42,67,33,25,40,52,50,47,59,75,75,59,35,64,58,53,32,47,45,28,57,99,79
97,2023,Dallas Mavericks,Frank Ntilikina,75,72,66,99,81,35,60,25,40,34,35,27,43,99,75,81,72,53,72,75,77,65,42,76,75,30,77,75,77,65,54,42,65,29,47,99,76
98,2023,Dallas Mavericks,Jaden Hardy,67,70,69,99,74,40,71,35,75,49,44,42,44,99,71,78,60,61,60,78,78,80,34,79,80,29,50,45,71,46,60,28,45,41,45,99,78
99,2023,Dallas Mavericks,McKinley Wright IV,64,64,66,99,79,40,69,25,45,40,25,25,27,99,79,70,65,64,61,79,79,78,27,75,73,25,66,65,74,64,58,40,45,35,36,99,74
100,2023,Dallas Mavericks,Theo Pinson,70,64,69,99,81,25,70,40,70,50,33,30,33,99,62,65,45,57,40,68,72,75,35,75,70,55,66,64,70,63,44,46,55,27,57,99,72
101,2023,Denver Nuggets,Nikola Jokic,89,89,75,99,70,89,86,85,70,85,87,86,87,99,55,71,88,84,89,58,57,58,88,89,75,65,56,66,32,51,61,57,50,63,89,99,96
102,2023,Denver Nuggets,Jamal Murray,86,77,80,99,79,89,85,25,77,77,69,33,41,99,74,83,85,65,79,78,78,79,49,87,80,30,74,70,73,70,51,37,65,32,46,99,87
103,2023,Denver Nuggets,Michael Porter Jr.,75,79,73,99,65,75,79,55,75,50,63,45,57,99,72,73,60,32,57,75,76,83,63,83,75,55,59,55,68,63,51,37,35,39,72,99,88
104,2023,Denver Nuggets,Aaron Gordon,70,69,71,99,70,65,79,87,87,55,69,53,55,99,61,57,60,38,55,66,62,87,67,87,85,69,71,70,71,63,31,51,70,50,57,99,80
105,2023,Denver Nuggets,Kentavious Caldwell-Pope,72,84,78,99,85,70,71,30,68,35,30,30,53,99,75,70,70,32,77,80,77,64,55,87,80,40,79,77,79,77,48,42,75,30,45,99,75
106,2023,Denver Nuggets,Bruce Brown,76,71,79,99,69,65,75,25,65,50,37,25,29,99,69,72,74,38,70,71,73,75,70,87,75,53,72,74,72,70,58,61,60,51,57,99,78
107,2023,Denver Nuggets,Ish Smith,70,80,66,99,50,60,74,25,25,57,25,25,27,99,82,81,81,71,80,82,82,65,27,75,73,25,69,59,72,47,54,52,45,31,47,99,74
108,2023,Denver Nuggets,Jeff Green,86,49,65,99,78,65,74,60,75,63,67,65,63,99,45,69,64,28,65,58,52,79,65,84,73,64,65,63,70,49,28,47,55,32,47,99,76
109,2023,Denver Nuggets,Zeke Nnaji,62,61,74,99,65,50,72,75,65,64,62,64,62,99,47,32,28,25,37,72,72,77,65,75,84,64,49,52,52,37,33,51,40,63,56,99,78
110,2023,Denver Nuggets,Nah'Shon Hyland,59,74,73,99,87,89,73,25,55,65,27,25,27,99,79,70,65,60,65,82,82,63,27,83,65,25,56,55,67,54,38,48,40,26,57,99,79
111,2023,Denver Nuggets,DeAndre Jordan,40,25,25,99,46,25,52,70,70,39,30,30,32,99,28,25,25,25,61,60,48,78,80,87,75,65,52,62,57,50,31,75,50,79,84,99,76
112,2023,Denver Nuggets,Christian Braun,60,67,75,99,69,70,64,25,70,40,31,25,50,99,69,64,64,60,63,78,78,78,41,88,75,35,62,55,65,57,57,32,45,47,48,99,80
113,2023,Denver Nuggets,Peyton Watson,67,64,63,99,64,40,63,55,60,35,35,39,37,99,71,65,55,25,57,72,72,77,50,83,70,54,63,60,66,57,47,52,55,54,57,99,83
114,2023,Denver Nuggets,Davon Reed,70,66,75,99,74,40,73,40,60,55,52,45,46,99,61,69,65,36,67,64,64,70,55,75,55,55,59,55,64,50,48,46,35,31,59,99,73
115,2023,Denver Nuggets,Vlatko Cancar,63,69,65,99,79,45,65,40,60,40,40,37,39,99,49,59,47,45,49,55,55,65,58,75,60,43,47,47,58,35,27,50,35,46,56,99,74
116,2023,Detroit Pistons,Cade Cunningham,78,76,75,99,78,89,78,35,70,78,59,59,59,99,78,81,80,74,84,78,78,75,57,89,89,54,70,70,75,71,48,53,70,34,61,99,95
117,2023,Detroit Pistons,Saddiq Bey,75,75,75,99,69,87,72,40,55,74,47,38,37,99,52,71,59,48,70,58,58,65,64,82,85,59,70,72,74,67,36,32,65,40,56,99,84
118,2023,Detroit Pistons,Isaiah Stewart,71,68,58,99,64,30,71,70,65,65,55,60,50,99,47,29,39,28,45,58,57,65,75,84,82,65,49,67,55,37,27,73,45,79,80,99,81
119,2023,Detroit Pistons,Kelly Olynyk,74,66,72,99,55,85,70,65,55,74,74,74,74,99,25,37,55,66,61,26,28,50,65,84,83,65,45,61,30,40,54,57,60,56,66,99,78
120,2023,Detroit Pistons,Jaden Ivey,76,69,70,99,69,65,80,25,80,63,39,39,37,99,87,81,77,64,74,87,87,80,49,87,80,54,66,65,77,64,57,39,60,32,43,99,96
121,2023,Detroit Pistons,Marvin Bagley III,74,55,50,99,60,30,65,70,70,50,67,67,67,99,59,57,42,25,55,68,69,81,75,80,75,55,44,55,42,50,31,48,40,64,77,99,82
122,2023,Detroit Pistons,Alec Burks,66,69,74,99,77,50,73,35,64,65,73,35,53,99,71,74,67,56,68,73,73,64,43,84,67,40,67,69,67,65,48,46,50,30,62,99,81
123,2023,Detroit Pistons,Hamidou Diallo,66,57,37,99,69,80,82,40,88,64,33,26,25,99,74,74,70,34,74,80,80,89,47,80,75,35,60,55,72,73,78,46,35,47,67,99,79
124,2023,Detroit Pistons,Jalen Duren,61,52,30,99,58,35,65,70,70,54,49,35,35,99,54,54,54,32,45,68,68,79,76,84,85,67,47,57,50,55,37,70,45,70,60,99,79
125,2023,Detroit Pistons,Nerlens Noel,64,35,25,99,66,25,63,85,70,42,55,60,55,99,25,41,27,26,55,61,58,69,60,79,86,70,40,60,57,64,78,81,65,60,60,99,78
126,2023,Detroit Pistons,Cory Joseph,77,66,78,99,79,60,67,25,25,50,25,25,34,99,67,79,75,65,75,67,67,60,35,83,65,49,70,63,75,54,36,45,60,29,45,99,75
127,2023,Detroit Pistons,Isaiah Livers,64,67,73,99,82,65,71,25,60,39,30,25,27,99,65,65,63,30,60,68,68,66,50,80,61,32,60,55,69,55,44,51,50,40,51,99,75
128,2023,Detroit Pistons,Killian Hayes,68,65,61,99,86,35,69,25,55,40,55,30,50,99,69,78,77,67,79,70,70,65,51,84,80,44,64,64,68,65,65,53,50,31,50,99,79
129,2023,Detroit Pistons,Saben Lee,57,69,54,99,63,80,79,25,80,74,25,25,26,99,68,78,75,68,75,69,69,64,47,75,71,39,55,50,62,49,82,52,25,35,53,99,78
130,2023,Detroit Pistons,Kevin Knox II,50,50,64,99,60,35,62,60,70,44,63,54,47,99,67,70,54,27,55,70,70,75,65,85,68,52,64,63,67,64,31,40,35,53,58,99,75
131,2023,Golden State Warriors,Stephen Curry,87,88,89,99,88,89,88,25,31,88,30,30,47,99,82,89,89,89,89,82,82,78,43,89,89,30,70,77,72,80,69,45,70,38,57,99,96
132,2023,Golden State Warriors,Draymond Green,86,55,67,99,54,40,65,50,60,35,58,55,54,99,64,73,78,72,87,68,69,61,80,80,85,87,81,88,77,79,61,70,87,38,78,99,83
133,2023,Golden State Warriors,Klay Thompson,80,85,83,99,84,75,70,30,60,31,59,30,60,99,66,71,72,57,72,66,69,62,57,86,80,65,82,80,82,81,30,51,80,29,51,99,88
134,2023,Golden State Warriors,Andrew Wiggins,86,75,78,99,67,89,72,35,87,65,72,60,69,99,75,77,67,37,70,77,77,89,52,89,85,60,77,75,78,74,65,56,75,40,47,99,84
135,2023,Golden State Warriors,Jordan Poole,88,81,76,99,84,89,87,40,55,84,39,25,42,99,67,86,79,70,82,70,70,68,56,75,60,42,65,65,69,55,36,45,50,28,46,99,81
136,2023,Golden State Warriors,Jonathan Kuminga,70,59,63,99,64,70,81,60,80,77,45,44,45,99,70,72,64,31,55,79,79,85,68,83,75,68,68,65,74,64,36,52,45,45,61,99,85
137,2023,Golden State Warriors,Kevon Looney,78,44,50,99,51,65,73,70,65,47,57,50,47,99,43,56,50,45,61,53,64,58,69,80,88,64,41,69,57,59,37,63,55,82,79,99,77
138,2023,Golden State Warriors,Donte DiVincenzo,53,58,72,99,69,65,70,25,70,39,33,25,40,99,76,72,72,57,69,84,84,87,55,85,80,53,77,79,80,83,65,37,75,41,56,99,81
139,2023,Golden State Warriors,James Wiseman,69,55,41,99,58,40,66,75,70,60,60,66,45,99,49,45,49,25,59,65,65,63,65,82,75,72,45,73,58,49,27,72,60,55,75,99,86
140,2023,Golden State Warriors,JaMychal Green,68,67,61,99,73,75,64,65,65,64,59,58,51,99,39,30,50,29,56,54,50,69,64,80,80,64,46,64,57,55,51,57,30,61,71,99,76
141,2023,Golden State Warriors,Moses Moody,71,62,70,99,77,40,68,35,65,65,44,39,43,99,65,69,60,25,59,68,68,65,63,83,75,63,66,64,72,55,27,51,60,36,47,99,81
142,2023,Golden State Warriors,Patrick Baldwin Jr.,65,67,67,99,69,40,69,50,65,47,47,49,47,99,50,53,50,32,55,52,52,57,64,80,65,51,54,50,59,49,35,35,35,39,51,99,88
143,2023,Golden State Warriors,Ryan Rollins,66,71,67,99,74,45,68,25,60,32,37,35,37,99,77,73,65,61,65,81,81,75,34,80,74,38,55,54,66,47,51,46,40,41,42,99,75
144,2023,Golden State Warriors,Mac McClung,72,59,70,99,59,55,76,30,75,34,38,39,40,99,73,70,70,50,70,74,74,77,43,79,75,35,62,45,65,53,47,37,35,25,62,99,70
145,2023,Golden State Warriors,Quinndary Weatherspoon,52,69,70,99,73,45,65,30,70,50,31,30,39,99,75,69,63,32,59,78,78,78,45,75,80,43,57,55,69,54,70,48,30,32,37,99,75
146,2023,Houston Rockets,Jalen Green,74,78,72,99,81,89,84,35,86,79,51,51,51,99,79,81,70,50,78,83,83,87,50,83,80,40,68,65,72,63,32,40,55,28,45,99,94
147,2023,Houston Rockets,Jabari Smith Jr.,68,67,73,99,75,50,70,60,80,49,64,64,64,99,64,70,60,44,61,71,71,70,55,84,65,65,64,62,67,62,59,60,50,52,69,99,88
148,2023,Houston Rockets,Kevin Porter Jr.,59,67,76,99,58,80,74,35,75,74,39,25,57,99,78,77,77,70,77,80,80,70,47,83,67,39,64,59,70,55,44,45,35,32,53,99,80
149,2023,Houston Rockets,Jae'Sean Tate,74,60,62,99,67,75,79,60,70,50,60,60,60,99,57,69,65,59,67,64,64,70,60,84,87,65,65,63,65,64,44,52,60,56,59,99,79
150,2023,Houston Rockets,Alperen Sengun,73,45,61,99,66,65,74,60,60,67,73,73,73,99,43,49,58,63,57,47,47,44,63,75,75,64,58,64,59,80,51,75,55,65,67,99,81
151,2023,Houston Rockets,Eric Gordon,80,67,80,99,67,45,74,25,65,55,45,30,58,99,73,74,64,50,68,74,74,77,55,87,80,37,73,68,73,63,30,45,45,25,36,99,78
152,2023,Houston Rockets,Kenyon Martin Jr.,70,63,74,99,53,80,69,60,75,50,39,39,39,99,64,71,59,33,59,78,78,77,57,75,55,45,62,57,65,39,32,57,35,46,57,99,80
153,2023,Houston Rockets,Josh Christopher,88,71,67,99,73,70,75,35,80,60,39,25,57,99,73,70,63,60,57,79,79,76,50,83,67,44,62,55,73,60,65,42,45,41,47,99,79
154,2023,Houston Rockets,Garrison Mathews,69,73,75,99,75,75,74,40,50,49,43,31,42,99,42,71,66,25,77,45,45,60,39,84,83,37,54,53,55,47,41,47,40,30,45,99,74
155,2023,Houston Rockets,Usman Garuba,53,54,60,99,55,35,74,55,65,55,43,43,39,99,55,61,55,33,62,63,63,64,65,80,85,65,65,67,70,64,54,75,65,63,79,99,80
156,2023,Houston Rockets,David Nwaba,47,55,60,99,59,25,68,45,70,49,39,35,33,99,62,60,55,31,39,65,67,75,63,80,89,64,74,77,74,79,61,63,75,57,71,99,76
157,2023,Houston Rockets,Tari Eason,60,60,69,99,72,40,60,30,75,36,40,49,47,99,67,65,45,37,42,75,75,75,65,80,80,60,66,65,72,63,57,47,45,61,57,99,83
158,2023,Houston Rockets,Boban Marjanovic,78,65,58,99,72,50,45,87,55,65,71,64,55,99,25,30,55,25,30,25,25,35,66,65,40,68,25,60,30,68,25,56,60,54,83,99,75
159,2023,Houston Rockets,TyTy Washington Jr.,65,72,73,99,70,45,71,25,70,40,25,25,33,99,75,81,63,56,64,75,75,74,49,87,80,50,61,57,71,65,65,35,35,44,57,99,79
160,2023,Houston Rockets,Sterling Brown,62,62,68,99,76,45,66,35,70,49,40,45,46,99,53,71,70,29,70,65,66,60,49,76,60,32,64,53,69,59,33,45,40,42,75,99,74
161,2023,Indiana Pacers,Tyrese Haliburton,83,87,79,99,76,89,79,35,65,66,35,37,44,99,78,81,85,79,85,78,78,70,54,83,80,55,69,69,69,68,73,51,60,32,45,99,88
162,2023,Indiana Pacers,Myles Turner,84,77,61,99,68,75,74,75,60,55,75,71,75,99,27,30,26,25,63,51,27,64,69,87,75,82,65,85,37,65,33,87,80,48,74,99,82
163,2023,Indiana Pacers,Buddy Hield,76,78,80,99,80,89,70,25,60,54,43,25,40,99,69,74,65,48,65,70,73,73,36,85,55,43,64,49,69,55,37,42,45,34,52,99,80
164,2023,Indiana Pacers,Chris Duarte,74,74,75,99,69,80,74,35,65,64,41,39,41,99,55,66,64,37,73,60,60,58,54,87,87,45,64,63,63,64,48,35,60,34,55,99,79
165,2023,Indiana Pacers,Isaiah Jackson,75,55,44,99,65,55,74,80,75,51,50,54,43,99,49,54,35,25,39,68,68,76,60,77,75,65,49,61,59,44,65,85,50,76,67,99,79
166,2023,Indiana Pacers,Daniel Theis,70,66,68,99,70,25,65,74,73,30,68,69,49,99,37,44,64,27,49,52,62,70,77,85,82,79,48,78,49,52,32,63,75,52,67,99,78
167,2023,Indiana Pacers,Jalen Smith,66,67,69,99,67,50,55,80,75,42,62,63,61,99,44,33,25,25,35,64,63,81,60,77,70,65,43,68,57,39,30,73,50,75,80,99,79
168,2023,Indiana Pacers,Bennedict Mathurin,68,72,76,99,72,55,69,30,75,47,50,50,53,99,76,70,70,33,77,79,79,77,49,87,80,37,64,60,73,57,49,28,45,46,57,99,83
169,2023,Indiana Pacers,Oshae Brissett,55,62,73,99,71,75,70,65,70,49,54,59,57,99,47,54,42,27,49,58,62,74,70,80,75,52,35,52,47,45,37,51,30,57,65,99,76
170,2023,Indiana Pacers,T.J. McConnell,86,74,67,99,61,65,72,25,25,35,33,39,53,99,68,74,83,69,81,71,71,60,39,80,87,44,77,65,79,82,61,47,75,36,50,99,78
171,2023,Indiana Pacers,Goga Bitadze,77,57,66,99,59,65,55,70,60,35,69,67,62,99,47,55,49,37,64,48,49,58,73,75,70,59,25,75,25,35,37,80,50,74,59,99,76
172,2023,Indiana Pacers,Terry Taylor,74,60,60,99,72,70,65,35,40,35,53,49,47,99,65,61,55,31,57,72,72,75,64,80,60,49,61,60,69,35,32,45,40,85,50,99,73
173,2023,Indiana Pacers,Aaron Nesmith,73,65,62,99,65,70,64,30,50,49,34,36,48,99,55,65,64,25,60,56,57,62,47,82,60,30,60,67,61,47,44,40,30,34,55,99,79
174,2023,Indiana Pacers,Andrew Nembhard,68,68,69,99,74,60,67,34,55,39,42,39,47,99,69,70,72,69,70,71,71,66,41,80,64,37,49,46,65,47,45,31,45,34,39,99,76
175,2023,Los Angeles Clippers,Kawhi Leonard,89,88,81,99,83,89,85,50,80,85,84,60,83,99,78,81,76,72,78,79,79,74,74,86,80,74,89,89,89,89,80,46,89,37,63,99,97
176,2023,Los Angeles Clippers,Paul George,75,80,78,99,83,87,84,50,80,50,70,35,65,99,74,82,73,69,70,74,74,83,65,87,70,74,87,83,86,75,85,45,80,26,68,99,92
177,2023,Los Angeles Clippers,John Wall,73,64,70,99,70,55,80,25,75,55,37,30,52,99,78,82,74,72,75,79,79,79,55,87,87,33,80,77,73,87,72,56,75,26,44,99,85
178,2023,Los Angeles Clippers,Norman Powell,77,82,79,99,77,85,79,25,75,73,25,25,27,99,72,74,69,37,70,74,78,75,41,87,85,45,74,72,73,69,37,48,70,27,44,99,81
179,2023,Los Angeles Clippers,Ivica Zubac,81,69,25,99,71,40,51,65,65,70,70,71,49,99,25,30,65,34,42,25,25,70,70,75,85,72,29,70,40,35,32,69,40,79,79,99,78
180,2023,Los Angeles Clippers,Robert Covington,67,64,76,99,78,25,60,50,60,25,54,54,53,99,60,60,55,28,55,63,64,65,57,80,70,74,78,80,78,78,75,77,75,36,67,99,78
181,2023,Los Angeles Clippers,Marcus Morris Sr.,86,83,75,99,76,55,65,50,65,59,76,63,62,99,44,55,55,38,39,68,42,64,70,86,75,59,63,65,70,56,31,45,55,29,56,99,79
182,2023,Los Angeles Clippers,Nicolas Batum,83,72,79,99,74,60,69,50,55,30,57,35,58,99,63,66,65,34,68,63,59,77,60,83,75,61,68,63,70,45,51,58,55,31,60,99,77
183,2023,Los Angeles Clippers,Reggie Jackson,78,65,70,99,76,65,74,25,60,75,25,25,43,99,79,81,77,67,70,79,79,80,43,87,80,44,69,65,69,69,35,32,65,29,45,99,80
184,2023,Los Angeles Clippers,Luke Kennard,84,69,83,99,85,80,70,25,55,64,30,25,45,99,61,73,71,37,74,64,63,55,35,87,80,30,46,45,60,45,33,27,40,25,47,99,77
185,2023,Los Angeles Clippers,Amir Coffey,73,54,70,99,83,80,79,25,35,64,49,33,48,99,70,70,67,38,69,70,70,70,47,75,65,42,59,63,64,59,35,40,45,29,47,99,75
186,2023,Los Angeles Clippers,Terance Mann,83,66,75,99,75,80,65,40,70,64,45,42,45,99,65,72,74,45,78,66,65,74,45,80,85,49,61,57,68,54,35,40,45,44,57,99,79
187,2023,Los Angeles Clippers,Moses Brown,63,41,25,99,64,45,71,70,55,50,59,47,37,99,30,39,39,25,53,37,35,70,69,70,55,67,47,67,49,53,32,76,40,78,80,99,78
188,2023,Los Angeles Clippers,Jason Preston,65,65,70,99,57,55,65,35,40,28,52,53,52,99,75,70,79,66,79,77,77,70,47,80,80,35,59,60,68,63,55,32,50,36,62,99,77
189,2023,Los Angeles Clippers,Brandon Boston Jr.,32,69,68,99,79,75,74,25,75,39,25,25,25,99,70,71,59,35,61,74,74,75,45,75,70,44,57,47,67,45,44,50,25,31,52,99,78
190,2023,Los Angeles Lakers,LeBron James,86,76,74,99,72,89,89,70,85,87,84,82,85,99,80,82,85,79,86,82,82,84,84,89,85,77,84,85,83,89,64,65,70,62,72,99,99
191,2023,Los Angeles Lakers,Anthony Davis,84,69,65,99,67,85,80,85,83,65,83,83,83,99,62,70,55,53,67,74,73,81,87,89,89,86,75,89,73,77,44,85,89,65,81,99,95
192,2023,Los Angeles Lakers,Russell Westbrook,74,69,67,99,60,35,69,25,75,45,61,40,61,99,87,81,70,71,70,88,88,87,70,87,80,37,69,65,76,50,36,37,65,42,67,99,89
193,2023,Los Angeles Lakers,Thomas Bryant,80,69,65,99,62,70,67,70,60,63,67,67,67,99,48,48,35,29,37,57,52,47,75,83,87,58,35,74,52,45,28,75,45,53,72,99,80
194,2023,Los Angeles Lakers,Lonnie Walker IV,82,68,69,99,78,65,77,35,70,62,43,43,48,99,72,73,65,46,62,86,86,78,59,80,60,50,69,57,73,60,36,45,30,26,46,99,76
195,2023,Los Angeles Lakers,Talen Horton-Tucker,75,72,62,99,78,70,71,25,60,67,37,37,46,99,55,71,69,54,69,58,58,62,60,80,80,39,69,65,73,65,51,51,45,32,47,99,80
196,2023,Los Angeles Lakers,Kendrick Nunn,79,83,76,99,87,75,84,25,70,32,35,37,42,99,64,77,65,52,67,70,70,71,50,87,65,30,57,52,64,52,41,42,40,27,47,99,78
197,2023,Los Angeles Lakers,Stanley Johnson,79,74,69,99,78,60,62,30,65,40,29,33,35,99,62,65,60,34,40,62,71,56,55,75,80,50,73,67,72,73,51,46,45,36,49,99,74
198,2023,Los Angeles Lakers,Wenyen Gabriel,58,57,65,99,58,40,65,70,70,39,41,47,33,99,53,55,50,26,54,61,59,70,64,75,80,64,54,65,57,49,28,62,50,74,63,99,72
199,2023,Los Angeles Lakers,Troy Brown Jr.,72,64,74,99,66,55,65,25,65,60,49,49,54,99,56,72,70,30,70,65,66,64,53,80,75,43,67,67,73,66,44,30,50,41,63,99,74
200,2023,Los Angeles Lakers,Austin Reaves,84,71,69,99,81,75,65,25,65,49,27,26,27,99,73,68,65,35,69,78,78,76,39,80,75,30,68,68,68,65,32,47,60,36,47,99,76
201,2023,Los Angeles Lakers,Juan Toscano,82,60,70,99,60,65,63,35,83,45,53,25,39,99,59,63,64,61,57,63,64,65,57,80,87,62,62,63,64,55,68,51,55,36,60,99,76
202,2023,Los Angeles Lakers,Damian Jones,75,58,52,99,71,30,65,80,70,35,45,47,35,99,33,30,29,35,43,58,50,87,75,75,75,66,35,60,37,35,35,70,50,59,66,99,73
203,2023,Los Angeles Lakers,Max Christie,65,71,70,99,77,40,65,30,75,36,37,34,37,99,73,65,63,32,61,82,82,77,50,89,75,39,58,55,65,52,60,32,45,39,40,99,88
204,2023,Los Angeles Lakers,Jay Huff,72,67,72,99,72,35,59,60,55,33,57,57,57,99,28,38,45,33,55,43,42,57,57,75,80,57,27,47,29,44,27,54,35,49,53,99,73
205,2023,Memphis Grizzlies,Ja Morant,88,82,74,99,84,89,89,25,89,89,47,47,47,99,88,89,89,89,89,88,88,89,47,89,87,44,76,79,78,78,73,54,75,51,56,99,94
206,2023,Memphis Grizzlies,Jaren Jackson Jr.,72,84,69,99,78,85,77,80,75,47,74,74,74,99,28,55,40,26,45,58,60,70,67,85,75,80,66,83,71,66,41,87,80,48,62,99,88
207,2023,Memphis Grizzlies,Desmond Bane,79,79,82,99,86,89,81,30,75,82,44,25,56,99,65,79,79,52,82,69,69,76,51,89,85,34,69,69,69,69,51,46,70,30,55,99,84
208,2023,Memphis Grizzlies,Steven Adams,72,60,25,99,52,45,69,75,70,49,77,74,57,99,28,30,64,57,63,43,32,63,76,83,85,77,50,80,58,73,41,62,75,86,76,99,83
209,2023,Memphis Grizzlies,Dillon Brooks,69,74,68,99,85,85,74,30,70,73,59,50,54,99,64,69,54,56,53,70,70,70,60,83,87,52,80,80,81,79,51,40,75,36,42,99,81
210,2023,Memphis Grizzlies,Brandon Clarke,77,60,52,99,60,25,60,70,70,39,50,50,50,99,60,44,44,25,47,77,78,77,59,85,87,73,70,73,73,67,38,79,70,70,64,99,81
211,2023,Memphis Grizzlies,Tyus Jones,84,78,78,99,83,87,77,25,25,69,30,25,35,99,64,77,79,69,77,66,66,52,29,87,82,25,62,55,65,75,54,25,45,25,47,99,80
212,2023,Memphis Grizzlies,Xavier Tillman,84,58,52,99,55,75,71,70,60,41,61,62,61,99,32,56,57,38,63,41,39,64,67,77,86,73,61,75,62,79,84,53,70,63,57,99,79
213,2023,Memphis Grizzlies,Ziaire Williams,81,78,69,99,66,40,77,60,75,50,53,43,39,99,77,74,45,27,49,82,82,77,35,85,83,55,68,65,72,66,35,40,60,30,40,99,82
214,2023,Memphis Grizzlies,John Konchar,82,71,80,99,72,80,70,25,40,50,37,25,29,99,55,70,69,36,71,57,58,65,35,85,85,39,57,45,64,55,44,50,40,54,71,99,76
215,2023,Memphis Grizzlies,Danny Green,75,75,77,99,72,30,55,35,40,25,30,25,49,99,54,65,67,27,65,54,54,64,55,70,70,61,80,78,80,55,61,60,75,33,45,99,77
216,2023,Memphis Grizzlies,Jake LaRavia,67,67,75,99,73,45,64,55,70,56,41,40,42,99,52,63,64,57,63,54,54,67,57,83,80,64,38,61,64,53,59,40,35,47,57,99,75
217,2023,Memphis Grizzlies,David Roddy,74,55,65,99,60,50,66,45,55,54,50,50,50,99,49,61,57,37,55,70,69,61,68,83,80,50,50,54,65,50,55,55,50,53,61,99,74
218,2023,Memphis Grizzlies,Santi Aldama,60,66,55,99,64,60,61,65,55,40,64,64,64,99,35,37,55,29,45,39,39,54,65,75,75,60,49,58,49,54,30,60,40,63,61,99,76
219,2023,Memphis Grizzlies,Killian Tillie,57,67,69,99,73,65,52,70,55,45,64,64,63,99,28,55,45,26,55,45,45,66,55,75,70,44,27,45,29,49,68,63,25,43,42,99,72
220,2023,Miami Heat,Jimmy Butler,89,79,66,99,80,89,89,35,80,89,82,82,82,99,79,85,85,72,83,82,82,78,74,89,87,70,89,89,87,88,84,50,89,50,55,99,93
221,2023,Miami Heat,Bam Adebayo,83,68,64,99,71,75,76,80,75,79,77,75,75,99,61,64,67,60,69,69,69,78,80,87,85,87,74,87,68,75,61,61,85,65,82,99,89
222,2023,Miami Heat,Tyler Herro,80,80,80,99,83,89,84,25,55,79,43,32,50,99,74,82,79,70,79,78,78,72,54,85,70,41,64,60,65,55,32,30,50,28,59,99,85
223,2023,Miami Heat,Kyle Lowry,83,76,76,99,83,80,75,25,25,45,35,33,39,99,79,86,85,80,85,79,79,67,62,88,89,63,81,81,81,79,41,40,80,29,53,99,88
224,2023,Miami Heat,Victor Oladipo,72,67,76,99,70,60,70,30,80,45,35,36,48,99,75,77,70,68,75,76,76,83,61,80,80,53,79,77,79,73,37,35,75,30,52,99,80
225,2023,Miami Heat,Max Strus,75,75,80,99,71,89,63,30,60,49,43,37,49,99,69,64,62,32,64,71,71,69,35,83,70,40,52,55,60,55,31,46,45,28,51,99,75
226,2023,Miami Heat,Caleb Martin,51,77,79,99,68,60,70,25,65,65,49,50,49,99,49,64,57,28,64,50,50,69,53,80,85,63,70,69,69,67,58,57,65,49,53,99,77
227,2023,Miami Heat,Dewayne Dedmon,84,50,74,99,74,55,62,55,55,56,54,50,41,99,26,39,25,27,47,39,34,61,75,72,70,74,43,73,54,53,33,76,70,72,86,99,77
228,2023,Miami Heat,Omer Yurtseven,73,54,50,99,63,45,60,65,60,42,60,50,50,99,32,55,45,37,47,48,47,65,65,80,75,57,44,57,44,53,35,65,35,84,85,99,77
229,2023,Miami Heat,Gabe Vincent,84,79,75,99,82,85,71,25,40,54,25,25,27,99,65,71,69,63,69,68,68,61,35,80,64,32,55,55,60,52,54,40,40,28,38,99,73
230,2023,Miami Heat,Duncan Robinson,76,76,79,99,66,60,70,25,65,59,30,35,39,99,51,67,61,33,65,54,54,67,30,80,70,45,47,45,60,45,32,37,25,27,44,99,81
231,2023,Miami Heat,Nikola Jovic,65,65,65,99,67,45,71,25,55,42,39,50,55,99,62,65,64,64,63,63,63,67,39,80,65,54,57,55,60,52,30,30,35,39,47,99,71
232,2023,Miami Heat,Udonis Haslem,77,61,42,99,70,30,47,50,56,51,55,57,63,99,26,30,25,25,59,49,28,55,68,73,85,69,50,65,43,61,59,35,55,52,75,99,76
233,2023,Miami Heat,Haywood Highsmith,65,65,70,99,68,50,63,30,45,39,36,37,39,99,59,65,50,25,50,65,65,74,45,75,60,36,55,50,65,60,27,53,30,55,47,99,70
234,2023,Miami Heat,Marcus Garrett,61,65,67,99,72,30,70,25,60,35,25,27,29,99,73,74,70,28,65,73,73,70,55,80,71,29,70,65,75,64,54,60,55,59,50,99,75
235,2023,Milwaukee Bucks,Giannis Antetokounmpo,81,75,66,99,63,89,89,80,86,89,82,74,69,99,75,82,79,71,87,85,82,80,86,89,87,86,87,88,87,83,41,75,87,52,87,99,99
236,2023,Milwaukee Bucks,Khris Middleton,81,80,76,99,83,89,79,35,65,65,78,67,78,99,71,77,73,67,73,71,72,66,68,87,75,72,80,78,80,75,44,40,80,30,59,99,88
237,2023,Milwaukee Bucks,Jrue Holiday,86,83,80,99,66,85,77,25,60,50,35,25,67,99,79,81,75,76,76,79,79,68,44,85,87,39,87,84,88,88,68,47,87,36,47,99,86
238,2023,Milwaukee Bucks,Bobby Portis Jr.,86,75,78,99,74,65,69,70,65,69,70,70,70,99,54,47,50,27,47,60,59,59,75,80,85,73,35,70,45,60,36,58,60,63,80,99,82
239,2023,Milwaukee Bucks,Brook Lopez,79,78,74,99,80,45,65,75,60,45,75,75,73,99,25,30,30,25,73,25,25,55,81,87,75,82,40,83,55,64,36,78,85,54,49,99,79
240,2023,Milwaukee Bucks,Joe Ingles,86,70,73,99,79,40,75,35,40,28,43,45,50,99,55,65,70,63,70,61,62,55,59,87,65,53,75,73,78,73,32,30,70,26,47,99,80
241,2023,Milwaukee Bucks,Pat Connaughton,87,64,78,99,72,80,87,25,81,71,25,30,29,99,60,73,64,27,73,72,73,87,40,75,85,30,64,45,69,49,44,42,45,34,56,99,77
242,2023,Milwaukee Bucks,Serge Ibaka,76,65,73,99,70,30,61,70,70,30,64,66,64,99,28,30,25,31,67,44,47,78,74,83,65,67,51,75,52,66,27,67,55,58,70,99,79
243,2023,Milwaukee Bucks,Grayson Allen,74,65,79,99,80,80,73,25,65,57,37,26,38,99,74,68,65,29,69,79,73,76,39,80,75,30,67,65,69,69,35,45,40,29,47,99,76
244,2023,Milwaukee Bucks,Wesley Matthews,72,63,72,99,81,25,73,40,45,40,60,58,60,99,63,70,67,25,72,65,70,65,50,80,75,33,73,70,74,74,33,40,65,36,36,99,79
245,2023,Milwaukee Bucks,Jordan Nwora,70,56,73,99,76,70,69,55,60,57,45,44,42,99,38,59,47,28,49,54,52,67,55,77,65,47,47,49,60,45,32,48,45,36,61,99,78
246,2023,Milwaukee Bucks,Thanasis Antetokounmpo,66,61,61,99,61,60,75,35,80,64,55,48,45,99,64,64,49,27,70,72,70,77,37,75,85,37,54,49,55,45,41,58,35,62,54,99,72
247,2023,Milwaukee Bucks,Jevon Carter,59,76,77,99,76,60,70,25,30,35,25,27,29,99,71,74,70,49,65,71,73,66,55,80,71,29,74,67,78,70,36,48,65,28,47,99,75
248,2023,Milwaukee Bucks,George Hill,53,73,68,99,88,55,74,25,40,37,33,28,56,99,71,81,73,42,72,71,71,83,47,87,69,43,70,68,73,65,41,32,65,36,44,99,75
249,2023,Milwaukee Bucks,MarJon Beauchamp,67,72,67,99,73,30,70,35,65,35,39,25,37,99,65,60,47,40,45,71,71,75,47,84,65,49,64,60,69,60,65,59,40,54,62,99,78
250,2023,Minnesota Timberwolves,Karl-Anthony Towns,89,73,81,99,77,89,80,85,70,80,84,84,84,99,61,60,60,61,79,71,71,69,82,89,87,68,45,74,56,60,42,69,60,65,79,99,90
251,2023,Minnesota Timberwolves,Rudy Gobert,87,55,25,99,63,80,73,87,75,75,70,70,53,99,25,30,63,25,58,43,25,52,85,89,87,89,60,89,60,75,37,84,89,85,89,99,89
252,2023,Minnesota Timberwolves,Anthony Edwards,79,79,74,99,71,89,88,45,89,83,57,55,57,99,78,82,74,60,74,84,84,81,52,84,85,45,69,69,73,65,59,52,65,32,51,99,89
253,2023,Minnesota Timberwolves,D'Angelo Russell,83,79,75,99,78,85,83,25,45,83,55,35,55,99,76,85,86,80,86,76,76,66,49,88,80,35,64,68,70,79,47,45,60,31,45,99,84
254,2023,Minnesota Timberwolves,Kyle Anderson,84,45,71,99,61,75,74,50,40,64,36,40,43,99,60,76,73,58,74,61,62,61,57,80,59,55,74,73,75,70,71,62,70,43,75,99,79
255,2023,Minnesota Timberwolves,Taurean Prince,85,69,76,99,71,65,65,70,65,50,46,47,40,99,64,65,63,30,50,75,73,79,55,79,80,59,69,63,71,76,51,53,55,31,55,99,75
256,2023,Minnesota Timberwolves,Jaden McDaniels,72,68,69,99,56,70,69,35,70,47,49,47,51,99,65,73,39,26,35,74,73,75,55,80,79,70,70,71,71,69,37,63,70,42,53,99,79
257,2023,Minnesota Timberwolves,Naz Reid,64,55,62,99,66,75,76,75,70,69,64,64,53,99,44,53,54,31,60,45,44,65,75,83,87,66,49,65,49,50,41,72,40,60,60,99,77
258,2023,Minnesota Timberwolves,Jaylen Nowell,84,73,78,99,79,80,79,25,60,64,33,25,35,99,72,70,59,65,63,76,75,74,34,80,75,25,55,50,62,53,36,45,35,31,48,99,76
259,2023,Minnesota Timberwolves,Austin Rivers,84,60,72,99,66,40,75,25,60,55,37,26,38,99,72,81,70,30,72,72,72,77,39,88,75,30,74,73,74,55,44,30,70,27,37,99,74
260,2023,Minnesota Timberwolves,Jordan McLaughlin,75,69,69,99,70,80,79,25,60,64,25,25,25,99,65,79,78,68,75,67,67,69,47,75,65,25,68,47,69,69,84,46,55,32,42,99,75
261,2023,Minnesota Timberwolves,Eric Paschall,76,80,70,99,70,40,65,45,70,60,55,55,55,99,59,72,52,28,57,66,65,75,64,80,70,50,52,50,58,35,27,35,35,42,47,99,79
262,2023,Minnesota Timberwolves,Bryn Forbes,83,75,80,99,73,85,74,30,35,54,37,25,47,99,62,65,47,30,45,63,63,67,32,75,71,39,53,51,64,45,31,27,25,25,37,99,75
263,2023,Minnesota Timberwolves,Wendell Moore Jr.,60,60,68,99,76,40,66,45,75,47,47,47,47,99,63,62,52,39,49,65,65,78,53,80,85,61,67,65,77,67,65,34,55,32,44,99,87
264,2023,Minnesota Timberwolves,Nathan Knight,55,55,40,99,79,30,62,65,60,53,50,50,50,99,27,42,50,39,57,62,60,50,70,75,80,60,32,60,38,45,35,63,55,70,70,99,72
265,2023,New Orleans Pelicans,Zion Williamson,87,65,65,99,65,80,89,87,89,77,84,79,70,99,69,73,60,64,67,81,81,89,85,78,75,54,50,59,71,65,36,52,35,62,73,99,96
266,2023,New Orleans Pelicans,Brandon Ingram,86,84,76,99,79,89,79,60,75,76,65,59,65,99,65,80,70,68,74,69,69,72,37,87,75,56,64,70,67,63,40,47,35,30,63,99,88
267,2023,New Orleans Pelicans,C.J. McCollum,86,87,80,99,65,89,83,25,35,74,27,33,41,99,77,85,78,68,79,77,79,75,55,89,87,30,65,65,71,45,41,45,60,32,48,99,87
268,2023,New Orleans Pelicans,Jonas Valanciunas,80,66,70,99,75,70,75,75,60,60,81,82,59,99,28,30,31,49,60,57,41,49,84,85,85,70,38,75,43,49,31,61,55,69,88,99,84
269,2023,New Orleans Pelicans,Herbert Jones,64,66,72,99,72,75,74,50,70,50,57,57,57,99,64,70,64,35,70,69,69,67,54,77,80,47,74,70,76,73,78,60,75,42,43,99,79
270,2023,New Orleans Pelicans,Larry Nance Jr.,82,74,71,99,56,65,67,80,80,55,64,53,49,99,44,59,64,38,65,60,55,81,64,83,80,63,43,70,56,84,54,53,50,57,69,99,78
271,2023,New Orleans Pelicans,Jaxson Hayes,84,63,69,99,71,65,66,80,75,47,60,63,49,99,36,33,25,25,35,53,55,70,67,75,87,73,43,74,59,40,35,72,60,62,61,99,79
272,2023,New Orleans Pelicans,Jose Alvarado,66,67,68,99,77,70,74,25,25,49,25,30,25,99,70,68,70,68,63,71,71,73,37,75,74,26,77,80,77,80,89,40,70,36,45,99,76
273,2023,New Orleans Pelicans,Devonte Graham,59,67,72,99,74,75,75,25,55,61,31,25,27,99,77,81,77,65,78,77,77,74,29,87,80,25,65,60,71,63,41,32,50,29,38,99,79
274,2023,New Orleans Pelicans,Willy Hernangomez,64,52,40,99,66,40,49,70,60,57,67,65,59,99,26,30,25,39,35,39,41,44,69,75,85,65,36,61,43,56,35,57,45,87,82,99,76
275,2023,New Orleans Pelicans,Dyson Daniels,65,67,64,99,69,50,70,25,70,39,42,39,50,99,74,81,77,77,77,74,79,70,47,84,80,42,69,65,75,67,67,51,65,55,46,99,87
276,2023,New Orleans Pelicans,Trey Murphy,65,67,77,99,79,40,65,60,70,26,38,37,39,99,69,45,54,27,59,79,79,77,55,80,70,64,64,64,65,54,36,40,60,49,53,99,80
277,2023,New Orleans Pelicans,Naji Marshall,83,67,45,99,81,70,77,40,60,59,58,55,55,99,57,65,62,41,66,57,57,70,55,80,65,47,55,57,60,59,61,45,35,47,61,99,74
278,2023,New Orleans Pelicans,Kira Lewis Jr.,73,55,63,99,75,45,68,25,40,45,27,25,40,99,77,81,70,65,70,87,88,65,44,80,75,29,62,63,70,60,41,27,35,34,45,99,80
279,2023,New Orleans Pelicans,Garrett Temple,77,50,69,99,74,35,65,25,25,35,41,32,50,99,52,70,70,32,69,52,52,64,39,80,74,41,73,72,71,69,51,55,65,34,49,99,73
280,2023,New York Knicks,Jalen Brunson,89,83,79,99,83,89,84,35,45,79,50,50,55,99,79,86,86,84,86,79,79,69,37,88,89,50,65,60,73,50,36,25,50,29,49,99,81
281,2023,New York Knicks,R.J. Barrett,72,68,73,99,68,89,84,40,75,84,74,47,50,99,77,78,79,59,82,79,79,77,71,87,75,53,77,74,78,69,31,37,70,34,60,99,86
282,2023,New York Knicks,Julius Randle,70,66,68,99,71,75,82,80,75,77,81,74,55,99,63,72,69,67,79,68,71,64,82,87,85,72,68,68,71,47,32,50,70,46,81,99,87
283,2023,New York Knicks,Mitchell Robinson,67,63,27,99,59,75,74,85,75,53,45,60,47,99,25,35,65,25,49,43,25,78,65,80,87,78,44,82,60,60,41,87,75,88,68,99,82
284,2023,New York Knicks,Derrick Rose,86,65,78,99,87,85,81,25,40,60,50,50,50,99,81,81,78,68,83,81,81,84,45,80,87,45,62,61,70,59,44,53,35,37,44,99,84
285,2023,New York Knicks,Evan Fournier,80,78,77,99,74,75,79,25,45,61,31,25,40,99,60,77,70,39,77,66,65,58,35,87,75,33,64,65,64,67,44,40,60,27,40,99,79
286,2023,New York Knicks,Immanuel Quickley,80,66,73,99,88,80,74,35,50,61,40,45,46,99,71,78,79,67,79,77,77,74,49,84,75,32,66,64,69,39,38,25,50,29,53,99,83
287,2023,New York Knicks,Obi Toppin,74,73,68,99,68,55,74,80,85,40,64,62,62,99,51,55,50,37,54,65,64,85,69,83,65,61,43,57,42,42,32,61,35,49,64,99,82
288,2023,New York Knicks,Isaiah Hartenstein,84,65,66,99,58,70,72,70,60,64,54,51,52,99,37,51,45,65,55,57,57,65,57,75,83,55,36,60,45,49,54,81,35,67,65,99,75
289,2023,New York Knicks,Cameron Reddish,67,53,70,99,70,70,68,45,75,35,30,38,47,99,74,70,53,28,54,80,80,79,47,85,60,50,76,75,76,75,65,48,70,33,41,99,80
290,2023,New York Knicks,Quentin Grimes,68,74,77,99,74,45,69,25,65,50,37,34,53,99,74,69,65,31,60,81,81,70,58,80,75,41,65,64,70,63,54,48,60,36,44,99,80
291,2023,New York Knicks,Jericho Sims,63,64,25,99,47,25,59,75,75,35,55,55,55,99,29,30,25,25,27,75,75,78,60,80,75,61,35,61,37,50,32,73,35,73,74,99,76
292,2023,New York Knicks,Miles McBride,65,71,65,99,75,45,74,25,60,45,43,25,53,99,75,69,65,57,55,81,81,75,39,80,80,35,65,64,71,59,51,27,50,25,47,99,76
293,2023,New York Knicks,Feron Hunt,64,61,63,99,52,30,63,60,70,40,42,42,39,99,55,65,45,25,49,63,62,73,47,75,70,55,62,60,64,62,47,60,55,43,47,99,72
294,2023,Oklahoma City Thunder,Shai Gilgeous-Alexander,86,82,70,99,78,89,86,35,70,86,67,61,68,99,80,85,89,84,89,81,81,85,55,86,89,56,73,73,77,73,58,63,75,54,59,99,89
295,2023,Oklahoma City Thunder,Josh Giddey,82,74,65,99,70,89,84,40,65,79,58,55,58,99,71,86,89,89,89,71,71,69,55,83,80,50,69,69,68,66,53,51,60,53,70,99,85
296,2023,Oklahoma City Thunder,Luguentz Dort,78,58,71,99,79,70,81,45,80,55,39,35,33,99,71,67,57,31,57,74,73,82,65,87,86,47,78,77,81,77,36,45,75,31,47,99,80
297,2023,Oklahoma City Thunder,Chet Holmgren,72,66,70,99,67,55,65,70,70,47,63,64,63,99,42,60,55,39,54,55,55,70,40,82,80,72,54,75,64,67,47,78,65,70,70,99,80
298,2023,Oklahoma City Thunder,Derrick Favors,72,67,44,99,69,40,73,80,65,45,72,72,67,99,36,45,35,26,64,60,50,71,80,75,65,68,53,63,52,40,36,51,55,62,71,99,77
299,2023,Oklahoma City Thunder,Darius Bazley,78,65,67,99,64,75,74,45,75,64,45,54,49,99,65,64,45,29,42,68,70,77,55,75,70,50,51,55,62,54,38,68,30,38,70,99,78
300,2023,Oklahoma City Thunder,Kenrich Williams,88,74,72,99,48,70,65,35,60,50,49,35,47,99,58,64,64,55,64,61,61,67,58,75,85,57,58,55,70,55,54,42,40,55,56,99,76
301,2023,Oklahoma City Thunder,Tre Mann,77,69,75,99,71,85,78,25,55,54,55,30,50,99,68,78,75,36,73,69,69,63,48,83,70,44,61,55,64,54,44,40,35,29,47,99,80
302,2023,Oklahoma City Thunder,Aleksej Pokusevski,79,66,66,99,74,65,71,65,65,35,57,49,49,99,47,57,54,58,49,55,55,55,44,79,55,62,62,62,49,52,38,63,45,50,73,99,80
303,2023,Oklahoma City Thunder,Mike Muscala,73,65,73,99,75,75,59,70,55,54,61,63,59,99,35,37,55,27,55,38,32,53,71,74,75,63,48,62,49,49,38,75,40,37,68,99,76
304,2023,Oklahoma City Thunder,Jeremiah Robinson-Earl,75,61,74,99,62,60,74,70,70,45,61,59,60,99,50,64,60,27,61,57,57,64,55,75,80,61,35,61,53,47,36,47,40,55,68,99,78
305,2023,Oklahoma City Thunder,Aaron Wiggins,87,65,68,99,72,70,75,30,40,55,34,33,35,99,70,65,59,31,63,79,79,67,40,75,60,30,54,42,68,35,35,40,40,41,47,99,77
306,2023,Oklahoma City Thunder,Ousmane Dieng,60,68,67,99,70,45,64,40,70,42,43,40,43,99,70,65,64,57,65,73,73,74,44,83,75,49,57,49,68,47,32,25,35,50,54,99,80
307,2023,Oklahoma City Thunder,Jalen Williams,55,69,72,99,75,45,67,25,75,54,45,42,45,99,78,74,67,63,63,83,83,78,45,85,75,30,49,47,67,47,36,47,35,26,35,99,77
308,2023,Oklahoma City Thunder,Theo Maledon,82,70,66,99,72,60,74,30,45,59,35,32,44,99,72,78,79,62,79,72,72,67,34,79,70,32,51,35,60,49,44,46,25,31,52,99,79
309,2023,Orlando Magic,Wendell Carter Jr.,82,88,70,99,66,70,73,75,70,74,76,77,77,99,42,45,51,56,65,63,50,63,77,80,85,73,42,75,45,65,31,56,65,59,86,99,83
310,2023,Orlando Magic,Cole Anthony,78,68,72,99,79,87,79,35,84,74,39,44,53,99,79,82,80,73,80,79,79,72,54,83,80,40,64,50,69,47,33,40,40,28,61,99,81
311,2023,Orlando Magic,Franz Wagner,83,63,74,99,74,89,72,50,75,55,59,57,59,99,63,68,65,56,64,65,65,70,60,80,75,51,68,69,68,68,37,47,65,37,49,99,82
312,2023,Orlando Magic,Mohamed Bamba,70,60,70,99,67,75,69,80,65,60,64,64,59,99,27,41,30,29,46,70,56,70,63,73,70,72,43,75,59,59,32,83,60,61,80,99,80
313,2023,Orlando Magic,Paolo Banchero,65,57,66,99,68,45,75,70,80,55,63,63,63,99,59,71,65,57,65,65,65,73,65,85,80,63,61,59,65,62,57,56,45,60,70,99,95
314,2023,Orlando Magic,Jonathan Isaac,60,65,66,99,72,25,62,55,77,30,70,57,63,99,61,71,60,28,50,68,71,75,65,80,85,70,70,70,70,70,70,80,70,51,69,99,80
315,2023,Orlando Magic,Markelle Fultz,77,74,64,99,67,70,85,25,70,74,64,37,43,99,80,81,81,84,78,81,80,80,51,87,70,45,70,67,73,64,78,47,35,26,53,99,79
316,2023,Orlando Magic,Moritz Wagner,84,73,71,99,75,75,55,70,60,45,63,62,62,99,48,37,49,56,50,68,62,70,73,80,80,53,35,53,42,49,32,46,30,42,73,99,78
317,2023,Orlando Magic,Jalen Suggs,63,65,66,99,71,60,70,35,75,60,69,34,33,99,83,81,75,67,76,83,83,85,54,83,80,30,71,70,78,70,61,47,70,30,49,99,88
318,2023,Orlando Magic,Terrence Ross,84,74,66,99,81,65,69,45,75,35,40,53,65,99,65,73,64,42,67,69,69,80,43,81,60,46,63,61,65,63,31,40,55,27,45,99,78
319,2023,Orlando Magic,Chuma Okeke,70,64,69,99,81,50,71,40,45,35,48,43,47,99,60,64,60,35,61,65,65,69,55,75,75,58,75,72,76,80,78,57,40,33,65,99,79
320,2023,Orlando Magic,Gary Harris,86,65,77,99,76,50,74,35,45,55,42,25,46,99,65,71,70,33,65,65,70,73,48,80,65,63,79,75,76,50,41,32,75,31,33,99,76
321,2023,Orlando Magic,R.J. Hampton,60,66,73,99,54,75,78,35,70,35,45,49,52,99,83,78,70,59,72,85,85,78,49,84,65,44,66,55,72,58,37,40,45,28,52,99,79
322,2023,Orlando Magic,Bol Bol,63,64,63,99,70,40,59,80,65,57,65,65,63,99,25,62,45,26,35,30,30,64,60,75,45,67,25,34,25,35,31,74,35,55,62,99,78
323,2023,Orlando Magic,Caleb Houstan,59,71,71,99,73,45,65,25,25,39,27,27,27,99,67,65,57,39,60,73,73,67,35,81,65,42,59,55,65,50,39,30,40,39,42,99,73
324,2023,Philadelphia 76ers,Joel Embiid,78,81,76,99,79,89,82,85,80,89,89,89,89,99,57,52,50,66,53,64,62,68,87,86,89,88,59,88,59,59,44,76,87,70,88,99,96
325,2023,Philadelphia 76ers,James Harden,76,78,80,99,84,89,88,30,79,89,64,55,69,99,81,89,79,88,88,82,82,82,66,89,89,57,65,58,70,77,44,47,60,32,70,99,95
326,2023,Philadelphia 76ers,Tyrese Maxey,82,79,80,99,82,89,84,25,55,83,47,45,60,99,82,83,79,75,84,84,84,79,39,89,89,52,74,69,78,68,49,46,65,30,45,99,84
327,2023,Philadelphia 76ers,Tobias Harris,84,80,75,99,79,85,75,60,70,68,78,65,65,99,51,74,72,57,79,70,54,74,68,87,68,54,53,61,62,59,31,50,55,36,65,99,85
328,2023,Philadelphia 76ers,Matisse Thybulle,69,43,69,99,55,35,69,30,65,25,25,25,25,99,64,60,50,26,30,71,71,65,54,80,85,55,85,83,87,89,89,72,85,33,37,99,79
329,2023,Philadelphia 76ers,P.J. Tucker,88,69,80,99,70,50,50,45,55,31,45,44,43,99,39,60,65,36,64,58,58,61,77,83,85,72,75,69,75,70,38,40,75,48,61,99,78
330,2023,Philadelphia 76ers,De'Anthony Melton,74,55,76,99,69,87,78,25,65,70,43,25,53,99,69,78,77,57,80,71,71,70,39,75,80,43,76,74,77,84,88,56,70,40,63,99,79
331,2023,Philadelphia 76ers,Furkan Korkmaz,67,65,66,99,77,70,70,35,70,64,40,25,55,99,59,68,49,45,60,65,64,75,45,80,76,35,59,51,64,57,35,35,40,29,49,99,75
332,2023,Philadelphia 76ers,Georges Niang,80,68,79,99,81,50,70,25,45,46,65,65,66,99,39,62,60,31,65,39,41,67,55,83,75,55,50,57,50,55,31,37,35,28,48,99,74
333,2023,Philadelphia 76ers,Shake Milton,79,64,70,99,83,70,79,25,55,58,35,41,39,99,72,77,74,61,75,72,74,72,33,75,75,25,60,53,69,45,35,47,35,34,46,99,76
334,2023,Philadelphia 76ers,Danuel House,45,69,76,99,71,70,73,75,70,53,42,42,46,99,55,65,64,31,64,58,55,70,45,80,70,47,55,54,65,43,37,56,50,33,55,99,74
335,2023,Philadelphia 76ers,Paul Reed,65,65,61,99,69,55,59,75,65,52,57,55,57,99,36,47,43,30,39,44,42,60,57,75,65,64,38,61,47,53,74,76,35,81,63,99,75
336,2023,Philadelphia 76ers,Charles Bassey,69,44,37,99,60,25,50,65,65,25,45,45,45,99,49,37,30,27,43,72,72,77,64,75,75,64,52,63,59,45,38,70,55,71,72,99,76
337,2023,Philadelphia 76ers,Jaden Springer,69,68,72,99,76,40,69,25,45,50,27,25,40,99,77,76,70,60,70,77,77,67,44,80,65,39,64,63,75,62,61,45,55,25,32,99,80
338,2023,Philadelphia 76ers,Isaiah Joe,75,70,71,99,80,45,64,35,55,40,25,30,33,99,58,63,52,30,54,67,69,74,42,75,70,37,64,56,72,47,33,30,50,25,42,99,74
339,2023,Phoenix Suns,Chris Paul,87,89,76,99,84,89,86,25,25,65,65,35,50,99,79,89,89,89,89,79,79,75,57,85,70,56,85,85,85,78,82,45,85,25,52,99,95
340,2023,Phoenix Suns,Devin Booker,87,88,83,99,85,89,87,25,75,86,77,77,77,99,71,89,85,79,89,74,74,69,44,89,89,53,73,69,73,68,59,55,65,50,59,99,92
341,2023,Phoenix Suns,Deandre Ayton,89,84,65,99,57,89,70,85,75,62,82,84,75,99,50,56,48,29,65,70,60,77,80,85,79,73,44,73,56,64,33,61,65,68,83,99,89
342,2023,Phoenix Suns,Mikal Bridges,89,70,78,99,83,89,73,35,70,60,49,49,49,99,67,74,73,36,83,75,75,80,57,87,87,64,77,77,81,81,41,46,80,34,45,99,84
343,2023,Phoenix Suns,Cameron Johnson,83,57,81,99,82,85,74,55,55,59,64,64,64,99,38,54,54,29,61,65,64,74,55,80,81,60,64,59,65,63,41,40,60,33,56,99,81
344,2023,Phoenix Suns,Jae Crowder,77,71,70,99,75,35,62,65,55,40,55,58,60,99,61,70,60,30,78,63,64,68,77,88,88,65,68,70,71,60,60,48,70,29,65,99,77
345,2023,Phoenix Suns,Dario Saric,70,50,60,99,82,75,74,40,65,45,76,69,69,99,52,64,70,36,79,58,64,55,60,77,81,65,44,69,56,45,44,30,60,50,66,99,77
346,2023,Phoenix Suns,Cameron Payne,70,82,72,99,79,75,78,25,25,75,26,25,31,99,70,81,67,60,70,70,70,67,34,77,70,26,55,46,65,47,38,46,35,30,51,99,78
347,2023,Phoenix Suns,Torrey Craig,84,55,71,99,72,55,74,30,55,60,50,45,57,99,53,64,47,29,45,58,56,68,44,75,30,69,74,74,75,70,37,55,70,49,59,99,76
348,2023,Phoenix Suns,Landry Shamet,72,69,75,99,81,80,74,30,45,57,25,25,33,99,77,73,74,34,72,80,80,75,36,80,76,25,55,52,71,45,31,35,30,26,40,99,76
349,2023,Phoenix Suns,Bismack Biyombo,70,57,25,99,40,25,45,65,50,64,49,43,40,99,25,30,25,27,69,43,43,58,75,74,87,77,45,80,50,49,33,77,60,83,75,99,76
350,2023,Phoenix Suns,Josh Okogie,66,64,67,99,55,40,65,25,70,35,25,25,27,99,76,71,64,27,57,85,85,87,41,75,70,45,76,76,78,79,68,57,70,49,41,99,75
351,2023,Phoenix Suns,Damion Lee,79,60,72,99,80,75,74,35,60,57,46,39,43,99,61,65,57,28,52,63,63,70,50,75,65,52,55,55,69,61,38,32,30,31,58,99,74
352,2023,Phoenix Suns,Duane Washington Jr.,69,71,73,99,79,50,73,40,35,64,39,25,27,99,71,69,61,45,63,74,74,67,37,75,60,42,57,60,65,50,36,27,35,25,43,99,74
353,2023,Phoenix Suns,Jock Landale,62,52,65,99,73,50,55,60,55,35,55,55,55,99,40,47,53,36,59,49,49,70,59,75,70,60,43,57,43,55,30,55,40,70,55,99,75
354,2023,Portland Trail Blazers,Damian Lillard,79,86,83,99,84,89,89,25,80,86,37,25,33,99,82,89,88,84,89,83,83,87,58,89,89,25,69,69,71,72,45,45,65,39,50,99,94
355,2023,Portland Trail Blazers,Jerami Grant,74,71,74,99,80,70,84,75,80,88,64,57,54,99,64,71,64,42,65,68,68,73,64,87,86,65,64,72,71,67,37,63,70,29,51,99,83
356,2023,Portland Trail Blazers,Jusuf Nurkic,87,63,62,99,70,80,63,70,60,65,75,75,67,99,25,35,55,59,77,46,32,45,85,81,70,73,40,74,44,55,51,56,65,71,86,99,83
357,2023,Portland Trail Blazers,Anfernee Simons,88,80,79,99,86,89,84,35,86,69,27,25,39,99,74,79,79,71,82,81,84,85,25,74,80,29,54,45,71,50,31,30,35,28,41,99,81
358,2023,Portland Trail Blazers,Josh Hart,84,69,72,99,80,80,81,25,65,79,37,34,53,99,74,73,68,63,70,76,78,64,39,85,87,41,67,65,72,65,44,37,60,38,73,99,81
359,2023,Portland Trail Blazers,Gary Payton II,84,65,74,99,61,70,74,30,70,70,37,25,37,99,76,73,70,29,67,76,76,80,43,80,75,45,74,71,75,86,89,51,75,52,58,99,78
360,2023,Portland Trail Blazers,Drew Eubanks,80,60,49,99,76,50,64,70,65,55,67,67,65,99,33,32,37,35,50,56,57,70,63,75,80,55,42,54,54,45,35,62,40,70,76,99,76
361,2023,Portland Trail Blazers,Nassir Little,67,69,69,99,71,65,77,30,77,45,54,49,47,99,63,60,47,29,44,72,74,76,65,80,80,63,65,65,72,60,33,67,50,48,67,99,77
362,2023,Portland Trail Blazers,Justise Winslow,68,47,52,99,54,55,69,35,65,57,43,37,39,99,68,69,70,57,59,70,70,69,60,85,75,58,74,72,75,73,61,63,65,55,73,99,76
363,2023,Portland Trail Blazers,Trendon Watford,77,60,50,99,60,75,74,70,75,64,64,64,64,99,52,45,54,53,57,58,58,75,74,80,75,61,47,47,47,45,37,67,35,55,67,99,75
364,2023,Portland Trail Blazers,Shaedon Sharpe,65,69,68,99,63,85,69,35,80,39,28,30,32,99,79,78,62,27,57,84,84,87,45,86,70,44,64,60,75,70,69,60,40,41,49,99,95
365,2023,Portland Trail Blazers,Brandon Williams,70,70,66,99,77,65,77,25,45,70,45,25,41,99,72,74,67,60,68,74,74,63,57,84,70,28,57,52,60,47,48,50,40,35,44,99,75
366,2023,Portland Trail Blazers,Greg Brown,61,60,63,99,65,25,61,70,75,35,47,47,44,99,60,63,40,30,30,73,73,89,35,75,75,57,57,55,60,48,54,71,40,51,63,99,76
367,2023,Portland Trail Blazers,Keon Johnson,61,63,72,99,66,30,65,30,80,40,30,30,30,99,79,70,70,58,77,89,89,89,35,83,80,40,65,64,78,63,54,51,60,38,42,99,80
368,2023,Portland Trail Blazers,Didi Louzada,64,62,72,99,68,30,67,30,55,44,34,46,58,99,62,65,63,25,63,65,67,72,53,77,60,40,70,67,71,67,30,50,55,40,46,99,76
369,2023,Sacramento Kings,Domantas Sabonis,89,69,69,99,75,89,83,70,75,85,88,88,88,99,38,55,77,66,75,43,39,52,79,89,89,65,44,64,44,45,36,46,55,75,85,99,88
370,2023,Sacramento Kings,De'Aaron Fox,85,84,70,99,75,85,85,25,75,72,25,25,25,99,89,86,80,73,82,89,89,79,41,88,85,29,74,72,80,72,41,45,65,26,47,99,88
371,2023,Sacramento Kings,Harrison Barnes,78,77,78,99,79,70,78,50,76,55,78,43,60,99,68,73,67,36,70,72,67,87,65,87,70,62,70,60,70,60,32,32,55,36,58,99,81
372,2023,Sacramento Kings,Keegan Murray,70,68,67,99,70,45,72,55,75,60,64,64,64,99,68,65,50,39,51,71,71,74,55,80,81,63,64,59,70,63,64,69,60,69,65,99,82
373,2023,Sacramento Kings,Davion Mitchell,82,70,69,99,62,50,69,25,35,39,25,25,25,99,77,86,77,71,83,77,77,65,55,85,87,39,79,80,82,80,36,45,80,28,37,99,83
374,2023,Sacramento Kings,Richaun Holmes,78,65,52,99,72,45,73,80,70,45,65,65,52,99,33,53,37,28,49,52,50,76,74,75,87,70,35,63,51,50,30,67,45,63,77,99,79
375,2023,Sacramento Kings,Kevin Huerter,86,82,77,99,74,80,68,25,60,40,30,25,53,99,67,71,69,45,71,79,73,70,45,80,70,39,59,58,67,59,35,46,30,28,47,99,80
376,2023,Sacramento Kings,Terence Davis,74,69,71,99,76,80,74,35,70,77,33,27,44,99,63,74,72,39,74,68,65,71,39,85,84,49,69,65,75,69,61,52,55,31,63,99,78
377,2023,Sacramento Kings,Malik Monk,82,66,78,99,71,85,77,35,75,45,40,25,57,99,71,70,70,55,63,75,76,83,43,83,67,40,63,64,68,63,37,46,40,29,47,99,78
378,2023,Sacramento Kings,Trey Lyles,76,58,60,99,75,70,72,65,60,61,64,61,69,99,36,53,50,32,55,49,50,60,64,76,75,63,31,59,47,57,31,53,35,50,74,99,76
379,2023,Sacramento Kings,Alex Len,83,56,65,99,61,60,69,75,60,54,71,69,43,99,25,27,26,36,40,38,39,55,70,75,87,69,39,73,45,57,32,69,45,62,69,99,76
380,2023,Sacramento Kings,Chimezie Metu,83,68,68,99,72,55,73,75,70,50,44,53,35,99,25,32,43,28,53,47,47,70,64,75,75,62,46,63,55,50,51,57,35,34,82,99,75
381,2023,Sacramento Kings,Kent Bazemore,57,47,70,99,63,45,72,30,70,45,65,25,42,99,72,68,70,30,65,75,75,77,41,83,84,40,72,72,74,63,61,50,70,32,47,99,75
382,2023,Sacramento Kings,Neemias Queta,60,50,50,99,66,30,56,65,60,35,50,53,50,99,25,33,47,28,57,54,54,60,71,75,75,65,40,65,43,43,25,82,50,78,60,99,78
383,2023,Sacramento Kings,Sam Merrill,60,75,73,99,84,70,59,25,40,50,43,25,39,99,55,71,69,38,74,57,57,55,39,75,55,37,55,47,59,57,41,30,40,33,46,99,72
384,2023,San Antonio Spurs,Keldon Johnson,82,78,78,99,60,87,80,60,60,67,60,52,54,99,68,74,69,38,69,71,73,66,65,85,87,58,64,59,70,46,35,32,60,37,62,99,82
385,2023,San Antonio Spurs,Jakob Poeltl,80,64,40,99,43,50,58,70,55,59,70,72,55,99,26,33,64,49,57,46,32,52,69,75,79,76,40,74,29,62,33,80,75,84,71,99,80
386,2023,San Antonio Spurs,Devin Vassell,80,82,75,99,65,80,61,35,55,40,65,32,39,99,60,66,69,39,70,67,67,72,55,84,75,57,77,76,75,80,51,52,70,31,57,99,81
387,2023,San Antonio Spurs,Tre Jones,86,79,60,99,76,70,65,25,30,35,25,27,29,99,69,79,79,79,79,69,69,66,55,80,70,29,70,65,74,71,48,32,60,32,48,99,77
388,2023,San Antonio Spurs,Doug McDermott,70,70,81,99,76,65,74,45,60,55,57,55,61,99,42,62,60,28,60,54,48,62,55,76,62,47,53,58,55,45,26,30,35,27,41,99,76
389,2023,San Antonio Spurs,Josh Richardson,70,75,75,99,77,40,70,45,73,30,27,25,43,99,74,73,64,35,63,75,75,67,52,87,75,64,75,70,75,70,44,51,70,33,43,99,77
390,2023,San Antonio Spurs,Keita Bates-Diop,78,67,68,99,64,60,69,50,60,45,55,49,58,99,61,61,53,26,51,72,72,67,55,75,65,58,58,55,69,55,37,46,30,53,67,99,75
391,2023,San Antonio Spurs,Isaiah Roby,70,69,65,99,70,60,63,65,65,55,57,45,46,99,45,50,43,40,42,69,67,74,55,75,80,57,55,55,58,55,48,67,45,60,60,99,77
392,2023,San Antonio Spurs,Zach Collins,69,45,72,99,70,30,65,65,60,45,60,60,60,99,33,35,25,58,25,61,60,74,55,73,75,63,40,65,52,60,35,72,45,63,77,99,79
393,2023,San Antonio Spurs,Gorgui Dieng,70,61,68,99,77,35,40,65,50,45,62,62,50,99,26,30,26,43,57,38,41,65,68,86,78,64,38,75,47,54,38,66,60,63,82,99,78
394,2023,San Antonio Spurs,Jeremy Sochan,60,60,60,99,54,55,73,55,75,40,48,43,47,99,60,62,63,49,59,65,65,69,55,75,75,60,65,64,68,63,48,48,40,50,63,99,79
395,2023,San Antonio Spurs,Malaki Branham,67,76,73,99,78,50,69,55,70,47,44,42,39,99,69,64,54,39,54,77,77,70,50,81,65,40,50,39,62,37,37,46,35,33,46,99,83
396,2023,San Antonio Spurs,Joshua Primo,73,77,70,99,70,80,64,35,55,34,29,29,29,99,68,65,59,36,59,71,71,66,25,80,80,39,65,65,72,50,32,55,55,37,42,99,81
397,2023,San Antonio Spurs,Romeo Langford,67,67,72,99,67,40,68,30,60,39,32,30,53,99,73,70,60,25,60,76,76,76,37,87,70,37,60,64,71,45,37,53,30,41,46,99,75
398,2023,San Antonio Spurs,Blake Wesley,67,68,67,99,61,55,69,35,81,54,45,49,52,99,72,78,64,49,63,73,73,79,35,87,70,44,66,55,69,58,36,37,45,29,59,99,79
399,2023,Toronto Raptors,Pascal Siakam,87,71,73,99,69,89,77,80,75,74,79,79,79,99,64,74,67,66,65,71,73,74,65,87,80,81,74,81,73,77,41,51,75,55,71,99,87
400,2023,Toronto Raptors,Fred VanVleet,68,85,77,99,81,87,81,25,30,77,25,25,27,99,78,81,84,68,87,78,78,70,37,87,86,25,78,74,78,69,65,48,75,29,48,99,84
401,2023,Toronto Raptors,Scottie Barnes,88,73,67,99,68,89,79,75,75,65,57,58,57,99,72,74,72,53,73,77,77,87,69,83,80,70,70,70,72,71,38,56,70,58,60,99,89
402,2023,Toronto Raptors,OG Anunoby,64,69,75,99,78,75,74,55,80,65,31,33,32,99,66,67,53,37,47,76,78,80,63,80,80,76,82,80,82,79,58,48,85,42,51,99,83
403,2023,Toronto Raptors,Gary Trent Jr.,80,79,77,99,86,89,77,35,70,64,41,39,52,99,72,66,65,32,66,80,80,85,53,75,65,45,56,55,69,59,71,40,30,25,39,99,79
404,2023,Toronto Raptors,Precious Achiuwa,65,59,74,99,52,70,73,80,75,58,37,52,39,99,61,44,31,28,45,70,69,74,73,79,83,70,51,68,61,84,33,57,50,61,75,99,80
405,2023,Toronto Raptors,Chris Boucher,70,50,57,99,67,35,69,80,75,45,59,59,59,99,25,36,28,25,54,52,50,69,75,84,87,73,32,79,37,45,37,76,65,69,74,99,79
406,2023,Toronto Raptors,Otto Porter,70,75,73,99,78,40,70,40,65,42,53,60,62,99,61,72,65,33,65,63,62,68,55,88,65,58,68,61,71,59,68,55,40,54,73,99,78
407,2023,Toronto Raptors,Khem Birch,74,63,40,99,68,35,64,80,65,59,55,56,55,99,29,27,25,29,35,66,62,73,68,77,85,72,43,74,52,55,38,61,60,78,55,99,76
408,2023,Toronto Raptors,Malachi Flynn,84,74,71,99,78,75,79,25,25,64,25,25,32,99,68,71,69,62,68,68,68,60,39,78,65,25,64,64,71,63,51,37,50,29,48,99,77
409,2023,Toronto Raptors,Thaddeus Young,67,55,50,99,40,40,73,65,65,25,60,65,65,99,45,60,64,61,77,67,58,78,75,73,80,67,55,60,53,50,82,45,60,44,48,99,79
410,2023,Toronto Raptors,Dalano Banton,58,70,59,99,70,50,74,25,60,60,43,25,40,99,67,65,69,64,71,71,71,70,61,75,70,35,55,55,67,57,54,48,45,47,56,99,74
411,2023,Toronto Raptors,Sviatoslav Mykhailiuk,81,75,68,99,83,65,69,35,50,44,33,37,42,99,70,59,64,32,59,77,77,64,49,76,60,32,50,45,62,49,48,32,25,34,48,99,76
412,2023,Toronto Raptors,D.J. Wilson,70,58,60,99,63,55,65,45,61,55,50,64,60,99,51,64,55,29,60,58,59,57,58,78,85,55,32,61,62,45,35,67,35,43,78,99,74
413,2023,Toronto Raptors,Armoni Brooks,71,74,67,99,76,75,64,25,50,60,25,34,31,99,64,71,65,36,64,65,65,61,40,75,75,27,59,55,65,43,41,46,40,32,47,99,72
414,2023,Utah Jazz,Donovan Mitchell,86,84,79,99,84,89,89,45,89,88,33,25,39,99,78,83,79,78,88,88,85,89,55,88,85,63,74,74,81,74,61,32,70,33,46,99,92
415,2023,Utah Jazz,Mike Conley,86,66,79,99,78,75,71,25,25,70,25,25,35,99,78,84,85,68,85,78,79,87,35,80,75,26,78,78,77,75,65,42,75,32,42,99,85
416,2023,Utah Jazz,Bojan Bogdanovic,86,69,77,99,80,80,74,35,65,70,59,44,55,99,61,69,72,31,77,62,57,67,55,88,70,49,73,70,72,57,30,25,65,35,49,99,81
417,2023,Utah Jazz,Jarred Vanderbilt,52,54,54,99,72,55,70,70,70,45,45,35,27,99,60,60,55,27,33,70,71,75,65,70,87,75,75,77,72,83,71,58,75,75,79,99,79
418,2023,Utah Jazz,Jordan Clarkson,86,74,69,99,76,80,85,25,70,84,33,25,32,99,74,81,74,52,72,74,77,80,49,75,65,38,60,53,68,44,38,37,35,37,45,99,79
419,2023,Utah Jazz,Patrick Beverley,80,39,72,99,68,45,73,25,40,33,25,25,30,99,70,73,70,67,72,71,71,86,55,85,71,65,85,81,84,58,61,68,87,42,53,99,79
420,2023,Utah Jazz,Rudy Gay,67,69,70,99,74,45,65,50,65,55,75,63,70,99,66,73,65,29,51,68,72,76,60,86,74,63,56,61,71,46,35,51,30,50,68,99,78
421,2023,Utah Jazz,Udoka Azubuike,59,29,25,99,39,25,65,80,70,35,43,39,40,99,39,30,25,25,29,67,65,88,75,74,70,71,39,69,46,49,25,80,50,67,84,99,76
422,2023,Utah Jazz,Malik Beasley,65,66,76,99,68,70,70,40,73,67,36,58,60,99,63,74,64,31,65,70,70,74,50,88,80,43,61,55,70,49,32,35,40,27,47,99,80
423,2023,Utah Jazz,Simone Fontecchio,61,71,78,99,78,65,61,35,60,45,45,45,45,99,47,53,50,42,55,50,50,50,57,75,87,46,60,59,61,42,47,51,40,46,58,99,76
424,2023,Utah Jazz,Walker Kessler,65,63,61,99,55,60,64,70,65,39,64,64,61,99,30,39,37,30,43,32,32,55,64,83,75,65,55,65,37,43,55,78,50,61,64,99,74
425,2023,Utah Jazz,Leandro Bolmaro,65,65,69,99,78,55,71,25,55,47,39,50,55,99,62,71,69,37,74,63,63,49,33,80,65,47,66,57,68,69,35,25,55,54,51,99,76
426,2023,Utah Jazz,Nickeil Alexander-Walker,69,50,68,99,72,80,80,35,55,55,59,49,53,99,67,76,70,57,71,67,70,65,55,85,70,47,70,65,71,69,38,50,50,33,48,99,77
427,2023,Utah Jazz,Jared Butler,81,60,69,99,73,65,69,25,60,55,32,25,36,99,75,77,64,68,63,75,75,73,45,78,75,25,55,50,69,42,65,55,45,28,49,99,76
428,2023,Utah Jazz,Xavier Sneed,62,61,66,99,71,30,67,55,65,55,47,39,50,99,60,63,50,39,44,76,58,89,35,75,54,47,63,57,65,48,61,30,45,31,47,99,75
429,2023,Washington Wizards,Bradley Beal,80,85,80,99,79,89,87,30,79,89,55,55,55,99,74,88,83,75,89,78,78,82,57,89,89,45,69,70,70,69,50,52,55,40,52,99,90
430,2023,Washington Wizards,Kristaps Porzingis,85,75,68,99,83,75,74,85,70,70,82,79,83,99,51,63,45,48,35,61,60,73,69,86,80,73,51,77,57,60,36,80,65,68,78,99,89
431,2023,Washington Wizards,Kyle Kuzma,86,70,72,99,74,89,80,75,75,74,59,57,60,99,62,72,61,58,73,67,69,70,69,80,87,56,58,60,66,39,31,57,50,37,80,99,82
432,2023,Washington Wizards,Monte Morris,88,88,78,99,74,75,74,25,45,65,27,25,40,99,78,81,86,65,86,78,78,67,36,80,75,39,57,47,65,50,35,35,30,27,43,99,79
433,2023,Washington Wizards,Will Barton,78,67,75,99,68,85,80,35,78,69,40,27,54,99,68,74,70,61,72,70,70,69,49,77,80,28,75,75,76,60,35,46,70,31,56,99,78
434,2023,Washington Wizards,Daniel Gafford,74,60,25,99,66,40,77,80,70,70,60,60,60,99,39,37,32,28,47,70,65,75,68,75,84,65,52,71,54,45,32,78,60,70,68,99,79
435,2023,Washington Wizards,Deni Avdija,76,70,69,99,61,50,68,35,70,25,54,52,49,99,64,73,70,39,70,68,68,74,60,84,80,57,75,73,74,72,38,53,75,35,72,99,82
436,2023,Washington Wizards,Rui Hachimura,70,67,71,99,72,70,68,75,75,55,67,69,65,99,62,67,46,29,49,67,69,75,74,85,80,55,49,54,62,45,35,40,30,35,60,99,82
437,2023,Washington Wizards,Corey Kispert,88,73,73,99,82,75,68,35,55,40,34,33,34,99,61,66,61,27,64,71,71,64,55,79,75,49,65,64,69,62,32,45,60,36,43,99,79
438,2023,Washington Wizards,Delon Wright,71,60,76,99,75,75,77,25,55,60,25,25,41,99,67,81,81,59,80,68,68,64,53,85,85,28,70,58,70,75,84,46,50,38,52,99,77
439,2023,Washington Wizards,Taj Gibson,70,68,62,99,64,40,60,70,60,47,70,70,70,99,27,30,28,25,49,44,41,53,78,70,80,64,53,73,52,57,35,76,55,60,60,99,76
440,2023,Washington Wizards,Johnny Davis,70,72,69,99,74,50,70,35,60,44,42,44,46,99,65,70,60,57,60,73,73,70,49,80,65,63,68,63,74,50,41,32,55,31,33,99,90
441,2023,Washington Wizards,Vernon Carey Jr.,79,68,58,99,69,60,52,75,65,73,62,64,57,99,32,39,34,25,47,44,44,67,78,77,75,61,31,57,39,47,25,76,40,47,71,99,76
442,2023,Washington Wizards,Anthony Gill,73,57,63,99,76,60,65,70,70,35,55,57,55,99,48,49,33,30,50,64,62,74,55,75,83,61,55,45,45,53,26,55,45,60,50,99,73
443,2023,Washington Wizards,Isaiah Todd,64,65,69,99,71,35,65,65,75,29,57,57,57,99,47,64,54,34,52,55,55,75,65,75,70,50,47,53,60,49,30,45,35,50,54,99,77
